nodejs,mad-science,https://github.com/feross/webtorrent, - Streaming torrent client for Node.js and the browser.
nodejs,mad-science,https://github.com/mafintosh/peerflix, - Streaming torrent client.
nodejs,mad-science,http://dat-data.com, - Real-time replication and versioning for data sets.
nodejs,mad-science,https://github.com/ipfs/js-ipfs, - Distributed file system that seeks to connect all computing devices with the same system of files.
nodejs,mad-science,https://stackgl.github.io," - Open software ecosystem for WebGL, built on top of browserify and npm."
nodejs,mad-science,https://github.com/mafintosh/peerwiki, - All of Wikipedia on BitTorrent.
nodejs,mad-science,https://github.com/mafintosh/peercast, - Stream a torrent video to Chromecast.
nodejs,mad-science,https://github.com/bitcoinjs/bitcoinjs-lib," - Clean, readable, proven Bitcoin library."
nodejs,mad-science,https://github.com/bitpay/bitcore, - Pure and powerful Bitcoin library.
nodejs,mad-science,https://github.com/devongovett/pdfkit, - PDF generation library.
nodejs,mad-science,https://github.com/Turfjs/turf, - Modular geospatial processing and analysis engine.
nodejs,mad-science,https://github.com/mafintosh/webcat, - p2p pipe across the web using WebRTC that uses your GitHub private/public key for authentication.
nodejs,mad-science,https://github.com/NodeOS/NodeOS, - The first operating system powered by npm.
nodejs,mad-science,https://github.com/BrainJS/brain.js, - Machine-learning framework.
nodejs,mad-science,https://github.com/cytoscape/cytoscape.js, - Graph theory (a.k.a. network) modeling and analysis.
nodejs,mad-science,https://kadence.github.io/, - Kademlia distributed hash table.
nodejs,mad-science,https://github.com/twobucks/seedshot, - Temporary P2P screenshot sharing from your browser.
nodejs,mad-science,https://github.com/creationix/js-git, - JavaScript implementation of Git.
nodejs,mad-science,https://github.com/skale-me/skale-engine, - High performance distributed data processing engine.
nodejs,mad-science,https://github.com/sheetjs/js-xlsx, - Pure JS Excel spreadsheet reader and writer.
nodejs,mad-science,https://github.com/isomorphic-git/isomorphic-git, - Pure JavaScript implementation of Git.
nodejs,command-line-apps,https://github.com/sindresorhus/np, - Better 
nodejs,command-line-apps,https://github.com/sindresorhus/npm-name, - Check whether a package name is available on npm.
nodejs,command-line-apps,https://github.com/sindresorhus/gh-home, - Open the GitHub page of the repo in the current directory.
nodejs,command-line-apps,https://github.com/sindresorhus/npm-home, - Open the npm page of a package.
nodejs,command-line-apps,https://github.com/sindresorhus/trash, - Safer alternative to 
nodejs,command-line-apps,https://github.com/sindresorhus/speed-test, - Test your internet connection speed and ping.
nodejs,command-line-apps,https://github.com/sindresorhus/emoj, - Find relevant emoji from text on the command-line.
nodejs,command-line-apps,https://github.com/sindresorhus/pageres, - Capture website screenshots.
nodejs,command-line-apps,https://github.com/sindresorhus/cpy, - Copy files.
nodejs,command-line-apps,https://github.com/MrRio/vtop," - More better top, with nice charts."
nodejs,command-line-apps,https://github.com/sindresorhus/empty-trash, - Empty the trash.
nodejs,command-line-apps,https://github.com/sindresorhus/is-up, - Check whether a website is up or down.
nodejs,command-line-apps,https://github.com/sindresorhus/is-online, - Check if the internet connection is up.
nodejs,command-line-apps,https://github.com/sindresorhus/public-ip, - Get your public IP address.
nodejs,command-line-apps,https://github.com/sindresorhus/clipboard-cli, - Copy & paste on the terminal.
nodejs,command-line-apps,https://github.com/xojs/xo, - Enforce strict code style using the JavaScript happiness style.
nodejs,command-line-apps,https://github.com/feross/standard, - JavaScript Standard Style — One style to rule them all.
nodejs,command-line-apps,http://eslint.org, - The pluggable linting utility for JavaScript.
nodejs,command-line-apps,https://github.com/samverschueren/dev-time-cli, - Get the current local time of a GitHub user.
nodejs,command-line-apps,https://github.com/alanshaw/david, - Tells you when your package npm dependencies are out of date.
nodejs,command-line-apps,https://github.com/indexzero/http-server," - Simple, zero-config command-line HTTP server."
nodejs,command-line-apps,https://github.com/tapio/live-server, - Development HTTP-server with livereload capability.
nodejs,command-line-apps,https://github.com/kessler/node-bcat, - Pipe command output to web browsers.
nodejs,command-line-apps,https://github.com/pawurb/normit, - Google Translate with speech synthesis in your terminal.
nodejs,command-line-apps,https://github.com/sindresorhus/fkill-cli, - Fabulously kill processes. Cross-platform.
nodejs,command-line-apps,https://github.com/danielstjules/pjs," - Pipeable JavaScript. Quickly filter, map, and reduce from the terminal."
nodejs,command-line-apps,https://github.com/davglass/license-checker, - Check licenses of your app's dependencies.
nodejs,command-line-apps,https://github.com/juliangruber/browser-run, - Easily run code in a browser environment.
nodejs,command-line-apps,https://github.com/sindresorhus/tmpin, - Adds stdin support to any CLI app that accepts file input.
nodejs,command-line-apps,https://github.com/kevva/wifi-password-cli, - Get the current wifi password.
nodejs,command-line-apps,https://github.com/sindresorhus/wallpaper, - Change the desktop wallpaper.
nodejs,command-line-apps,https://github.com/kevva/brightness-cli, - Change the screen brightness.
nodejs,command-line-apps,https://github.com/maxogden/torrent, - Download torrents.
nodejs,command-line-apps,https://github.com/sindresorhus/kill-tabs," - Kill all Chrome tabs to improve performance, decrease battery usage, and save memory."
nodejs,command-line-apps,https://github.com/wooorm/alex," - Catch insensitive, inconsiderate writing."
nodejs,command-line-apps,https://github.com/noraesae/pen, - Live Markdown preview in the browser from your favorite editor.
nodejs,command-line-apps,https://github.com/beatfreaker/subdownloader, - Subtitle downloader for movies and TV series.
nodejs,command-line-apps,https://github.com/sindresorhus/dark-mode, - Toggle the macOS Dark Mode.
nodejs,command-line-apps,https://github.com/nogizhopaboroda/iponmap, - IP location finder.
nodejs,command-line-apps,https://github.com/Javascipt/Jsome, - Pretty prints JSON with configurable colors and indentation.
nodejs,command-line-apps,https://github.com/mischah/itunes-remote, - Interactively control iTunes.
nodejs,command-line-apps,https://github.com/samverschueren/mobicon-cli, - Mobile app icon generator.
nodejs,command-line-apps,https://github.com/samverschueren/mobisplash-cli, - Mobile app splash screen generator.
nodejs,command-line-apps,https://github.com/rtfpessoa/diff2html-cli, - Pretty git diff to HTML generator.
nodejs,command-line-apps,https://github.com/dthree/cash, - Cross-platform Unix shell commands in pure JavaScript.
nodejs,command-line-apps,https://github.com/VictorBjelkholm/trymodule, - Try out npm packages in the terminal.
nodejs,command-line-apps,https://github.com/kucherenko/jscpd, - Copy/paste detector for source code.
nodejs,command-line-apps,https://github.com/Raathigesh/Atmo, - Server-side API mocking.
nodejs,command-line-apps,https://github.com/siddharthkp/auto-install, - Auto installs dependencies as you code.
nodejs,command-line-apps,https://github.com/linuxenko/lessmd, - Markdown in the terminal.
nodejs,command-line-apps,https://github.com/siddharthkp/cost-of-modules, - Find out which dependencies are slowing you down.
nodejs,command-line-apps,https://github.com/localtunnel/localtunnel, - Expose your localhost to the world.
nodejs,command-line-apps,https://github.com/marionebl/svg-term-cli, - Share terminal sessions via SVG.
nodejs,command-line-apps,https://github.com/aksakalli/gtop, - System monitoring dashboard for the terminal.
nodejs,command-line-apps,https://github.com/mjswensen/themer," - Generate themes for your editor, terminal, wallpaper, Slack, and more."
nodejs,command-line-apps,https://github.com/mixn/carbon-now-cli, - Beautiful images of your code — from right inside your terminal.
nodejs,command-line-apps,https://github.com/xxczaki/cash-cli, - Convert between 170 currencies.
nodejs,command-line-apps,https://github.com/klauscfhq/taskbook," - Tasks, boards & notes for the command-line habitat."
nodejs,command-line-apps,https://github.com/brandonweiss/discharge, - Easily deploy static websites to Amazon S3.
nodejs,functional-programming,https://lodash.com," - Utility library delivering consistency, customization, performance, & extras. A better and faster Underscore.js."
nodejs,functional-programming,https://github.com/facebook/immutable-js, - Immutable data collections.
nodejs,functional-programming,https://github.com/ramda/ramda, - Utility library with a focus on flexible functional composition enabled by automatic currying and reversed argument order. Avoids mutating data.
nodejs,functional-programming,http://folktale.origamitower.com," - Suite of libraries for generic functional programming in JavaScript that allows you to write elegant, modular applications with fewer bugs, and more reuse."
nodejs,functional-programming,https://github.com/mout/mout," - Utility library with the biggest difference between other existing solutions is that you can choose to load only the modules/functions that you need, no extra overhead."
nodejs,functional-programming,http://baconjs.github.io, - Functional reactive programming.
nodejs,functional-programming,http://reactivex.io," - Functional reactive library for transforming, composing, and querying various kinds of data."
nodejs,functional-programming,https://github.com/dtao/lazy.js," - Utility library similar to lodash/Underscore but with lazy evaluation, which can translate to superior performance in many cases."
nodejs,functional-programming,https://github.com/kefirjs/kefir, - Reactive library with focus on high performance and low memory usage.
nodejs,http,https://github.com/sindresorhus/got, - Nicer interface to the built-in 
nodejs,http,https://github.com/sindresorhus/gh-got, - Convenience wrapper for 
nodejs,http,https://github.com/mzabriskie/axios, - Promise based HTTP client (works in the browser too).
nodejs,http,https://github.com/request/request, - Simplified HTTP request client.
nodejs,http,https://github.com/hapijs/wreck, - HTTP Client Utilities.
nodejs,http,https://github.com/kevva/download, - Download and extract files effortlessly.
nodejs,http,https://github.com/nodejitsu/node-http-proxy, - HTTP proxy.
nodejs,http,https://github.com/visionmedia/superagent, - HTTP request library.
nodejs,http,https://github.com/bitinn/node-fetch, - 
nodejs,http,https://github.com/bbc/flashheart, - REST client.
nodejs,http,https://github.com/micromata/http-fake-backend, - Build a fake backend by providing the content of JSON files or JavaScript objects through configurable routes.
nodejs,http,https://github.com/lukechilds/cacheable-request, - Wrap native HTTP requests with RFC compliant cache support.
nodejs,http,https://github.com/khaosdoctor/gotql, - GraphQL request library built on 
nodejs,debugging---profiling,https://github.com/GoogleChromeLabs/ndb," - Improved debugging experience, enabled by Chrome DevTools."
nodejs,debugging---profiling,https://github.com/s-a/iron-node, - Node.js debugger supporting ES2015 out of the box.
nodejs,debugging---profiling,https://github.com/node-inspector/node-inspector, - Debugger based on Blink Developer Tools.
nodejs,debugging---profiling,https://github.com/visionmedia/debug, - Tiny debugging utility.
nodejs,debugging---profiling,https://github.com/mafintosh/why-is-node-running, - Node.js is running but you don't know why?
nodejs,debugging---profiling,https://github.com/valyouw/njstrace," - Instrument and trace your code, see all function calls, arguments, return values, as well as the time spent in each function."
nodejs,debugging---profiling,https://github.com/joyent/node-vstream, - Instrumentable streams mix-ins to inspect a pipeline of streams.
nodejs,debugging---profiling,https://github.com/watson/stackman, - Enhance an error stacktrace with code excerpts and other goodies.
nodejs,debugging---profiling,https://github.com/alidavut/locus, - Starts a REPL at runtime that has access to all variables.
nodejs,debugging---profiling,https://github.com/davidmarkclements/0x, - Flamegraph profiling.
nodejs,debugging---profiling,https://github.com/automation-stack/ctrace, - Well-formatted and improved trace system calls and signals.
nodejs,debugging---profiling,https://github.com/andywer/leakage, - Write memory leak tests.
nodejs,debugging---profiling,https://github.com/nodejs/llnode, - Post-mortem analysis tool which allows you to inspect objects and get insights from a crashed Node.js process.
nodejs,logging,https://github.com/pinojs/pino, - Extremely fast logger inspired by Bunyan.
nodejs,logging,https://github.com/winstonjs/winston, - Multi-transport async logging library.
nodejs,logging,https://github.com/watson/console-log-level, - The most simple logger imaginable with support for log levels and custom prefixes.
nodejs,logging,https://github.com/guigrpa/storyboard," - End-to-end, hierarchical, real-time, colorful logs and stories."
nodejs,logging,https://github.com/klauscfhq/signale, - Hackable console logger with beautiful output.
nodejs,command-line-utilities,https://github.com/chalk/chalk, - Terminal string styling done right.
nodejs,command-line-utilities,https://github.com/sindresorhus/meow, - CLI app helper.
nodejs,command-line-utilities,https://github.com/yargs/yargs, - Command-line parser that automatically generates an elegant user-interface.
nodejs,command-line-utilities,https://github.com/sindresorhus/ora, - Elegant terminal spinner.
nodejs,command-line-utilities,https://github.com/sindresorhus/get-stdin, - Easier stdin.
nodejs,command-line-utilities,https://github.com/sindresorhus/log-update," - Log by overwriting the previous output in the terminal. Useful for rendering progress bars, animations, etc."
nodejs,command-line-utilities,https://github.com/vadimdemedes/ink, - React for interactive command-line apps.
nodejs,command-line-utilities,https://github.com/samverschueren/listr, - Terminal task list.
nodejs,command-line-utilities,https://github.com/sindresorhus/conf, - Simple config handling for your app or module.
nodejs,command-line-utilities,https://github.com/sindresorhus/ansi-escapes, - ANSI escape codes for manipulating the terminal.
nodejs,command-line-utilities,https://github.com/sindresorhus/log-symbols, - Colored symbols for various log levels.
nodejs,command-line-utilities,https://github.com/sindresorhus/figures, - Unicode symbols with Windows CMD fallbacks.
nodejs,command-line-utilities,https://github.com/sindresorhus/boxen, - Create boxes in the terminal.
nodejs,command-line-utilities,https://github.com/sindresorhus/terminal-link, - Create clickable links in the terminal.
nodejs,command-line-utilities,https://github.com/sindresorhus/terminal-image, - Display images in the terminal.
nodejs,command-line-utilities,https://github.com/sindresorhus/string-width, - Get the visual width of a string - the number of columns required to display it.
nodejs,command-line-utilities,https://github.com/sindresorhus/cli-truncate, - Truncate a string to a specific width in the terminal.
nodejs,command-line-utilities,https://github.com/sindresorhus/first-run, - Check if it's the first time the process is run.
nodejs,command-line-utilities,https://github.com/chjj/blessed, - Curses-like library.
nodejs,command-line-utilities,https://github.com/SBoudrias/Inquirer.js, - Interactive command-line prompt.
nodejs,command-line-utilities,https://github.com/sindresorhus/yn, - Parse yes/no like values.
nodejs,command-line-utilities,https://github.com/cli-table/cli-table3, - Pretty unicode tables.
nodejs,command-line-utilities,https://github.com/madbence/node-drawille, - Draw on the terminal with unicode braille characters.
nodejs,command-line-utilities,https://github.com/yeoman/update-notifier, - Update notifications for your CLI app.
nodejs,command-line-utilities,https://github.com/jstrace/chart, - ASCII bar chart in the terminal.
nodejs,command-line-utilities,https://github.com/tj/node-progress, - Flexible ascii progress bar.
nodejs,command-line-utilities,https://github.com/yeoman/insight, - Helps you understand how your tool is being used by anonymously reporting usage metrics to Google Analytics.
nodejs,command-line-utilities,https://github.com/sindresorhus/cli-cursor, - Toggle the CLI cursor.
nodejs,command-line-utilities,https://github.com/timoxley/columnify, - Create text-based columns suitable for console output. Supports cell wrapping.
nodejs,command-line-utilities,https://github.com/shannonmoeller/cli-columns, - Columnated unicode and ansi-safe text lists.
nodejs,command-line-utilities,https://github.com/dominikwilkowski/cfonts, - Sexy ASCII fonts for the console.
nodejs,command-line-utilities,https://github.com/codekirei/node-multispinner," - Multiple, simultaneous, individually controllable CLI spinners."
nodejs,command-line-utilities,https://github.com/f/omelette, - Shell autocompletion helper.
nodejs,command-line-utilities,https://github.com/kentcdodds/cross-env, - Set environment variables cross-platform.
nodejs,command-line-utilities,https://github.com/shelljs/shelljs, - Portable Unix shell commands.
nodejs,command-line-utilities,https://github.com/sindresorhus/sudo-block, - Block users from running your app with root permissions.
nodejs,command-line-utilities,https://github.com/sindresorhus/loud-rejection, - Make unhandled promise rejections fail loudly instead of the default silent fail.
nodejs,command-line-utilities,https://github.com/sindresorhus/sparkly, - Generate sparklines 
nodejs,command-line-utilities,https://github.com/teambit/bit," - Create, maintain, find and use small modules and components across repositories."
nodejs,command-line-utilities,https://github.com/bokub/gradient-string, - Beautiful color gradients in terminal output.
nodejs,command-line-utilities,https://github.com/oclif/oclif," - CLI framework complete with parser, automatic documentation, testing, and plugins."
nodejs,command-line-utilities,https://github.com/sindresorhus/term-size, - Reliably get the terminal window size.
nodejs,command-line-utilities,https://github.com/drew-y/cliffy, - Framework for interactive CLIs.
nodejs,build-tools,https://github.com/parcel-bundler/parcel," - Blazing fast, zero config web app bundler."
nodejs,build-tools,https://github.com/webpack/webpack, - Packs modules and assets for the browser.
nodejs,build-tools,https://github.com/rollup/rollup, - Next-generation ES2015 module bundler.
nodejs,build-tools,http://gulpjs.com, - Streaming and fast build system that favors code over config.
nodejs,build-tools,https://github.com/broccolijs/broccoli," - Fast, reliable asset pipeline, supporting constant-time rebuilds and compact build definitions."
nodejs,build-tools,https://github.com/brunch/brunch," - Front-end web app build tool with simple declarative config, fast incremental compilation, and an opinionated workflow."
nodejs,build-tools,https://github.com/deepsweet/start, - Functional task runner with shareable presets.
nodejs,build-tools,https://github.com/shannonmoeller/ygor, - Promising task runner for when 
nodejs,build-tools,https://github.com/fuse-box/fuse-box," - Fast build system that combines the power of webpack, JSPM and SystemJS, with first-class TypeScript support."
nodejs,build-tools,https://github.com/zeit/pkg, - Package your Node.js project into an executable.
nodejs,hardware,https://github.com/rwaldron/johnny-five, - Firmata based Arduino Framework.
nodejs,hardware,https://github.com/voodootikigod/node-serialport, - Access serial ports for reading and writing.
nodejs,hardware,https://github.com/nonolith/node-usb, - USB library.
nodejs,hardware,https://github.com/fivdi/i2c-bus, - I2C serial bus access.
nodejs,hardware,https://github.com/fivdi/onoff, - GPIO access and interrupt detection.
nodejs,hardware,https://github.com/fivdi/spi-device, - SPI serial bus access.
nodejs,hardware,https://github.com/fivdi/pigpio," - Fast GPIO, PWM, servo control, state change notification, and interrupt handling on the Raspberry Pi."
nodejs,hardware,https://github.com/infusion/GPS.js, - NMEA parser for handling GPS receivers.
nodejs,templating,https://github.com/marko-js/marko," - HTML-based templating engine that compiles templates to CommonJS modules and supports streaming, async rendering and custom tags."
nodejs,templating,https://github.com/mozilla/nunjucks," - Templating engine with inheritance, asynchronous control, and more (jinja2 inspired)."
nodejs,templating,https://github.com/wycats/handlebars.js, - Superset of Mustache templates which adds powerful features like helpers and more advanced blocks.
nodejs,templating,https://github.com/mde/ejs, - Simple unopinionated templating language.
nodejs,templating,https://github.com/pugjs/pug, - High-performance template engine heavily influenced by Haml.
nodejs,web-frameworks,http://hapijs.com, - Framework for building applications and services.
nodejs,web-frameworks,http://koajs.com," - Framework designed by the team behind Express, which aims to be a smaller, more expressive, and more robust foundation for web applications and APIs."
nodejs,web-frameworks,http://expressjs.com," - Web application framework, providing a robust set of features for building single and multi-page, and hybrid web applications."
nodejs,web-frameworks,http://feathersjs.com, - Microservice framework built in the spirit of Express.
nodejs,web-frameworks,http://loopback.io, - Powerful framework for creating REST APIs and easily connecting to backend data sources.
nodejs,web-frameworks,https://www.meteor.com," - An ultra-simple, database-everywhere, data-on-the-wire, pure-Javascript web framework. "
nodejs,web-frameworks,http://restify.com, - Enables you to build correct REST web services.
nodejs,web-frameworks,https://github.com/thinkjs/thinkjs," - Framework with ES2015+ support, WebSockets, REST API."
nodejs,web-frameworks,https://github.com/actionhero/actionhero," - Framework for making reusable & scalable APIs for TCP sockets, WebSockets, and HTTP clients."
nodejs,web-frameworks,http://mern.io," - Easily build production-ready universal apps with MongoDB, Express, React, and webpack."
nodejs,web-frameworks,https://github.com/zeit/next.js, - Minimalistic framework for server-rendered universal JavaScript web apps.
nodejs,web-frameworks,https://github.com/nuxt/nuxt.js, - Minimalistic framework for server-rendered Vue.js apps.
nodejs,web-frameworks,https://github.com/senecajs/seneca, - Toolkit for writing microservices.
nodejs,web-frameworks,http://adonisjs.com, - A true MVC framework for Node.js built on solid foundations of Dependency Injection and IoC container.
nodejs,web-frameworks,https://github.com/hemerajs/hemera, - Write reliable and fault-tolerant microservices with 
nodejs,web-frameworks,https://github.com/zeit/micro, - Minimalistic microservice framework with an async approach.
nodejs,web-frameworks,https://moleculer.services, - Fast & powerful microservices framework.
nodejs,web-frameworks,https://github.com/fastify/fastify, - Fast and low overhead web framework.
nodejs,web-frameworks,https://github.com/nestjs/nest, - Angular-inspired framework for building efficient and scalable server-side apps.
nodejs,web-frameworks,https://github.com/sfast/zeronode, - Minimal building block for reliable and fault-tolerant microservices.
nodejs,web-frameworks,https://github.com/19majkel94/type-graphql," - Modern framework for creating GraphQL APIs with TypeScript, using classes and decorators."
nodejs,documentation,https://github.com/documentationjs/documentation, - API documentation generator with support for ES2015+ and flow annotation.
nodejs,documentation,https://github.com/esdoc/esdoc," - Documentation generator targeting ES2015, attaching test code and measuring documentation coverage."
nodejs,documentation,http://jashkenas.github.io/docco/, - Documentation generator which produces an HTML document that displays your comments intermingled with your code.
nodejs,documentation,http://usejsdoc.org, - API documentation generator similar to JavaDoc or PHPDoc.
nodejs,filesystem,https://github.com/sindresorhus/del, - Delete files/folders using globs.
nodejs,filesystem,https://github.com/sindresorhus/globby, - Glob files with support for multiple patterns.
nodejs,filesystem,https://github.com/sindresorhus/cpy, - Copy files.
nodejs,filesystem,https://github.com/isaacs/rimraf, - Recursively delete files like 
nodejs,filesystem,https://github.com/sindresorhus/make-dir, - Recursively create directories like 
nodejs,filesystem,https://github.com/isaacs/node-graceful-fs, - Drop-in replacement for the 
nodejs,filesystem,https://github.com/paulmillr/chokidar, - Filesystem watcher which stabilizes events from 
nodejs,filesystem,https://github.com/sindresorhus/find-up, - Find a file by walking up parent directories.
nodejs,filesystem,https://github.com/IndigoUnited/node-proper-lockfile, - Inter-process and inter-machine lockfile utility.
nodejs,filesystem,https://github.com/sindresorhus/load-json-file, - Read and parse a JSON file.
nodejs,filesystem,https://github.com/sindresorhus/write-json-file, - Stringify and write JSON to a file atomically.
nodejs,filesystem,https://github.com/npm/fs-write-stream-atomic, - Like 
nodejs,filesystem,https://github.com/sindresorhus/filenamify, - Convert a string to a valid filename.
nodejs,filesystem,https://github.com/kevva/lnfs, - Force create symlinks like 
nodejs,filesystem,https://github.com/bevry/istextorbinary, - Check if a file is text or binary.
nodejs,filesystem,https://github.com/szwacz/fs-jetpack, - Completely redesigned file system API for convenience in everyday use.
nodejs,filesystem,https://github.com/jprichardson/node-fs-extra, - Extra methods for the 
nodejs,filesystem,https://github.com/sindresorhus/pkg-dir, - Find the root directory of an npm package.
nodejs,filesystem,https://github.com/nspragg/filehound, - Flexible and fluent interface for searching the file system.
nodejs,control-flow,https://github.com/petkaantonov/bluebird,Promises
nodejs,control-flow,https://github.com/petkaantonov/bluebird, - Promise library with focus on innovative features and performance.
nodejs,control-flow,https://github.com/sindresorhus/pify, - Promisify a callback-style function.
nodejs,control-flow,https://github.com/sindresorhus/delay, - Delay a promise a specified amount of time.
nodejs,control-flow,https://github.com/nodeca/promise-memoize," - Memoize promise-returning functions, with expire and prefetch."
nodejs,control-flow,https://github.com/lpinca/valvelet, - Limit the execution rate of a promise-returning function.
nodejs,control-flow,https://github.com/sindresorhus/p-map, - Map over promises concurrently.
nodejs,control-flow,https://github.com/sindresorhus/promise-fun,
nodejs,control-flow,https://github.com/zenparsing/zen-observable,Observables
nodejs,control-flow,https://github.com/zenparsing/zen-observable, - Implementation of Observables.
nodejs,control-flow,https://github.com/ReactiveX/RxJS, - Reactive programming.
nodejs,control-flow,https://github.com/sindresorhus/awesome-observables, - Convert an Observable to a Promise.
nodejs,control-flow,https://github.com/sindresorhus/awesome-observables,
nodejs,control-flow,https://github.com/caolan/highland,Streams
nodejs,control-flow,https://github.com/caolan/highland," - Manages synchronous and asynchronous code easily, using nothing more than standard JavaScript and Node-like Streams."
nodejs,control-flow,https://github.com/sindresorhus/each-async,Callbacks
nodejs,control-flow,https://github.com/sindresorhus/each-async, - Async concurrent iterator like forEach.
nodejs,control-flow,https://github.com/caolan/async," - Provides straight-forward, powerful functions for working with asynchronicity."
nodejs,control-flow,https://github.com/ubolonton/js-csp,Channels
nodejs,control-flow,https://github.com/ubolonton/js-csp," - Communicating sequential processes for JavaScript (like Clojurescript core.async, or Go)."
nodejs,streams,https://github.com/rvagg/through2, - Tiny wrapper around streams2 Transform to avoid explicit subclassing noise.
nodejs,streams,https://github.com/hughsk/from2," - Convenience wrapper for ReadableStream, inspired by "
nodejs,streams,https://github.com/sindresorhus/get-stream, - Get a stream as a string or buffer.
nodejs,streams,https://github.com/sindresorhus/into-stream, - Convert a buffer/string/array/object into a stream.
nodejs,streams,https://github.com/mafintosh/duplexify, - Turn a writeable and readable stream into a single streams2 duplex stream.
nodejs,streams,https://github.com/mafintosh/pumpify, - Combine an array of streams into a single duplex stream.
nodejs,streams,https://github.com/mafintosh/peek-stream, - Transform stream that lets you peek the first line before deciding how to parse it.
nodejs,streams,https://github.com/maxogden/binary-split, - Newline (or any delimiter) splitter stream.
nodejs,streams,https://github.com/jahewson/node-byline, - Super-simple line-by-line Stream reader.
nodejs,streams,https://github.com/sindresorhus/first-chunk-stream, - Transform the first chunk in a stream.
nodejs,streams,https://github.com/sindresorhus/pad-stream, - Pad each line in a stream.
nodejs,streams,https://github.com/feross/multistream, - Combine multiple streams into a single stream.
nodejs,streams,https://github.com/substack/stream-combiner2, - Turn a pipeline into a single stream.
nodejs,streams,https://github.com/nodejs/readable-stream, - Mirror of Streams2 and Streams3 implementations in core.
nodejs,streams,https://github.com/almost/through2-concurrent, - Transform object streams concurrently.
nodejs,real-time,https://github.com/uWebSockets/uWebSockets, - Highly scalable WebSocket server & client library.
nodejs,real-time,https://github.com/socketio/socket.io, - Enables real-time bidirectional event-based communication.
nodejs,real-time,https://github.com/faye/faye," - Real-time client-server message bus, based on Bayeux protocol."
nodejs,real-time,https://github.com/SocketCluster/socketcluster, - Scalable HTTP + WebSocket engine which can run on multiple CPU cores.
nodejs,real-time,https://github.com/primus/primus, - An abstraction layer for real-time frameworks to prevent module lock-in.
nodejs,real-time,https://github.com/deepstreamIO/deepstream.io-client-js, - Scalable real-time microservice framework.
nodejs,real-time,https://github.com/kalm/kalm.js, - Low-level socket router and middleware framework.
nodejs,real-time,https://github.com/mqttjs/MQTT.js, - Client for MQTT - Pub-sub based messaging protocol for use on top of TCP/IP.
nodejs,real-time,https://github.com/elpheria/rpc-websockets, - JSON-RPC 2.0 implementation over WebSockets.
nodejs,real-time,https://github.com/mcollina/aedes, - Barebone MQTT server that can run on any stream server.
nodejs,image,https://github.com/lovell/sharp," - The fastest module for resizing JPEG, PNG, WebP and TIFF images."
nodejs,image,https://github.com/sindresorhus/image-type, - Detect the image type of a Buffer/Uint8Array.
nodejs,image,https://github.com/aheckmann/gm, - GraphicsMagick and ImageMagick wrapper.
nodejs,image,https://github.com/EyalAr/lwip, - Lightweight image processor which does not require ImageMagick.
nodejs,image,https://github.com/nodeca/pica," - High quality & fast resize (lanczos3) in pure JS. Alternative to canvas drawImage(), when no pixelation allowed."
nodejs,image,https://github.com/oliver-moran/jimp, - Image processing in pure JavaScript.
nodejs,image,https://github.com/nodeca/probe-image-size, - Get the size of most image formats without a full download.
nodejs,text,https://github.com/ashtuchkin/iconv-lite, - Convert character encodings.
nodejs,text,https://github.com/sindresorhus/string-length, - Get the real length of a string - by correctly counting astral symbols and ignoring ansi escape codes.
nodejs,text,https://github.com/sindresorhus/camelcase, - Convert a dash/dot/underscore/space separated string to camelCase: foo-bar → fooBar.
nodejs,text,https://github.com/sindresorhus/escape-string-regexp, - Escape RegExp special characters.
nodejs,text,https://github.com/sindresorhus/execall, - Find multiple RegExp matches in a string.
nodejs,text,https://github.com/sindresorhus/splice-string, - Remove or replace part of a string like 
nodejs,text,https://github.com/sindresorhus/indent-string, - Indent each line in a string.
nodejs,text,https://github.com/sindresorhus/strip-indent, - Strip leading whitespace from every line in a string.
nodejs,text,https://github.com/sindresorhus/detect-indent, - Detect the indentation of code.
nodejs,text,https://github.com/mathiasbynens/he, - HTML entity encoder/decoder.
nodejs,text,https://github.com/mashpie/i18n-node, - Simple translation module with dynamic JSON storage.
nodejs,text,https://github.com/nodeca/babelfish, - i18n with very easy syntax for plurals.
nodejs,text,https://github.com/sindresorhus/matcher, - Simple wildcard matching.
nodejs,text,https://github.com/nodeca/unhomoglyph, - Normalize visually similar unicode characters.
nodejs,text,https://github.com/i18next/i18next, - Internationalization framework.
nodejs,number,https://github.com/sindresorhus/random-int, - Generate a random integer.
nodejs,number,https://github.com/sindresorhus/random-float, - Generate a random float.
nodejs,number,https://github.com/sindresorhus/unique-random, - Generate random numbers that are consecutively unique.
nodejs,number,https://github.com/sindresorhus/round-to, - Round a number to a specific number of decimal places: 
nodejs,math,https://github.com/scijs/ndarray, - Multidimensional arrays.
nodejs,math,https://github.com/josdejong/mathjs, - An extensive math library.
nodejs,math,https://github.com/sindresorhus/math-clamp, - Clamp a number.
nodejs,math,https://github.com/fibo/algebra, - Algebraic structures.
nodejs,math,https://github.com/nodeca/multimath, - Core to create fast image math in WebAssembly and JS.
nodejs,date,https://github.com/moment/luxon, - Library for working with dates and times.
nodejs,date,https://github.com/date-fns/date-fns, - Modern date utility.
nodejs,date,http://momentjs.com," - Parse, validate, manipulate, and display dates."
nodejs,date,https://github.com/felixge/node-dateformat, - Date formatting.
nodejs,date,https://github.com/samverschueren/tz-format, - Format a date with timezone: 
nodejs,date,https://github.com/floatdrop/node-cctz," - Fast parsing, formatting, and timezone conversation for dates."
nodejs,url,https://github.com/sindresorhus/normalize-url, - Normalize a URL.
nodejs,url,https://github.com/sindresorhus/humanize-url, - Humanize a URL: http://sindresorhus.com → sindresorhus.com.
nodejs,url,https://github.com/nodeca/url-unshort, - Expand shortened URLs.
nodejs,url,https://github.com/pid/speakingurl, - Generate a slug from a string with transliteration.
nodejs,url,https://github.com/markdown-it/linkify-it, - Link patterns detector with full unicode support.
nodejs,url,https://github.com/snd/url-pattern, - Easier than regex string matching patterns for URLs and other strings.
nodejs,url,https://github.com/nodeca/embedza," - Create HTML snippets/embeds from URLs using info from oEmbed, Open Graph, meta tags."
nodejs,data-validation,https://github.com/hapijs/joi, - Object schema description language and validator for JavaScript objects.
nodejs,data-validation,https://github.com/mafintosh/is-my-json-valid, - JSON Schema validator that uses code generation to be extremely fast.
nodejs,data-validation,https://github.com/nettofarah/property-validator, - Easy property validation for Express.
nodejs,data-validation,https://github.com/Atinux/schema-inspector, - JSON API sanitization and validation.
nodejs,data-validation,https://github.com/epoberezkin/ajv, - The fastest JSON Schema validator. Supports v5 proposals.
nodejs,parsing,https://github.com/wooorm/remark, - Markdown processor powered by plugins.
nodejs,parsing,https://github.com/markdown-it/markdown-it," - Markdown parser with 100% CommonMark support, extensions and syntax plugins."
nodejs,parsing,https://github.com/inikulin/parse5, - Fast full-featured spec compliant HTML parser.
nodejs,parsing,https://github.com/sindresorhus/strip-json-comments, - Strip comments from JSON.
nodejs,parsing,https://github.com/sindresorhus/strip-css-comments, - Strip comments from CSS.
nodejs,parsing,https://github.com/sindresorhus/parse-json, - Parse JSON with more helpful errors.
nodejs,parsing,https://github.com/medialize/URI.js, - URL mutation.
nodejs,parsing,https://github.com/postcss/postcss, - CSS parser / stringifier.
nodejs,parsing,https://github.com/dominictarr/JSONStream, - Streaming JSON.parse and stringify.
nodejs,parsing,https://github.com/sindresorhus/neat-csv, - Fast CSV parser. Callback interface for the above.
nodejs,parsing,https://github.com/mafintosh/csv-parser, - Streaming CSV parser that aims to be faster than everyone else.
nodejs,parsing,https://github.com/pegjs/pegjs, - Simple parser generator that produces fast parsers with excellent error reporting.
nodejs,parsing,https://github.com/lapwinglabs/x-ray, - Web scraping utility.
nodejs,parsing,https://github.com/Hardmath123/nearley," - Simple, fast, powerful parsing for JavaScript."
nodejs,parsing,https://github.com/juliangruber/binary-extract, - Extract a value from a buffer of JSON without parsing the whole thing.
nodejs,parsing,https://github.com/stylecow/stylecow," - Parse, manipulate and convert modern CSS to make it compatible with all browsers. Extensible with plugins."
nodejs,parsing,https://github.com/nodeca/js-yaml, - Very fast YAML parser.
nodejs,parsing,https://github.com/Leonidas-from-XIV/node-xml2js, - XML to JavaScript object converter.
nodejs,parsing,https://github.com/zaach/jison," - Friendly JavaScript parser generator. It shares genes with Bison, Yacc and family."
nodejs,parsing,https://github.com/seegno/google-libphonenumber," - Parse, format, store and validate phone numbers."
nodejs,parsing,https://github.com/TooTallNate/ref, - Read/write structured binary data in Buffers.
nodejs,parsing,https://github.com/dtjohnson/xlsx-populate, - Read/write Excel XLSX.
nodejs,parsing,https://github.com/SAP/chevrotain, - Very fast and feature rich parser building toolkit for JavaScript.
nodejs,parsing,https://github.com/NaturalIntelligence/fast-xml-parser, - Validate and parse XML.
nodejs,humanize,https://github.com/sindresorhus/pretty-bytes, - Convert bytes to a human readable string: 
nodejs,humanize,https://github.com/sindresorhus/pretty-ms, - Convert milliseconds to a human readable string: 
nodejs,humanize,https://github.com/rauchg/ms.js, - Tiny millisecond conversion utility.
nodejs,humanize,https://github.com/AriaMinaei/pretty-error, - Errors with less clutter.
nodejs,humanize,https://github.com/Tjatse/node-readability, - Extract readable content from any page.
nodejs,compression,https://github.com/thejoshwolfe/yazl, - Zip.
nodejs,compression,https://github.com/thejoshwolfe/yauzl, - Unzip.
nodejs,compression,https://github.com/archiverjs/node-archiver," - Streaming interface for archive generation, supporting ZIP and TAR."
nodejs,compression,https://github.com/nodeca/pako," - High speed zlib port to pure js (deflate, inflate, gzip)."
nodejs,compression,https://github.com/mafintosh/tar-stream, - Streaming tar parser and generator. Also see 
nodejs,compression,https://github.com/kevva/decompress, - Decompression module with support for 
nodejs,network,https://github.com/sindresorhus/get-port, - Get an available port.
nodejs,network,https://github.com/sindresorhus/ipify, - Get your public IP address.
nodejs,network,https://github.com/bevry/getmac, - Get the computer MAC address.
nodejs,network,https://github.com/infusion/node-dhcp, - DHCP client and server.
nodejs,network,https://github.com/roccomuso/netcat, - Netcat port in pure JS.
nodejs,database,https://github.com/brianc/node-postgres,Drivers
nodejs,database,https://github.com/brianc/node-postgres, - PostgreSQL client. Pure JavaScript and native libpq bindings.
nodejs,database,https://github.com/luin/ioredis, - Redis client.
nodejs,database,https://github.com/Level/levelup, - LevelDB.
nodejs,database,https://github.com/mysqljs/mysql, - MySQL client.
nodejs,database,https://github.com/apache/couchdb-nano, - CouchDB client.
nodejs,database,https://github.com/aerospike/aerospike-client-nodejs, - Aerospike client.
nodejs,database,https://github.com/couchbase/couchnode, - Couchbase client.
nodejs,database,https://github.com/mongodb/node-mongodb-native, - MongoDB driver.
nodejs,database,https://github.com/sequelize/sequelize,ODM / ORM
nodejs,database,https://github.com/sequelize/sequelize," - Multi-dialect ORM. Supports PostgreSQL, SQLite, MySQL."
nodejs,database,https://github.com/bookshelf/bookshelf," - ORM for PostgreSQL, MySQL and SQLite3 in the style of Backbone.js."
nodejs,database,https://github.com/robconery/massive-js, - PostgreSQL data access tool.
nodejs,database,https://github.com/Automattic/mongoose, - Elegant MongoDB object modeling.
nodejs,database,https://github.com/balderdashy/waterline, - Datastore-agnostic tool that dramatically simplifies interaction with one or more databases.
nodejs,database,https://github.com/PhilWaldmann/openrecord," - ORM for PostgreSQL, MySQL, SQLite3 and RESTful datastores. Similar to ActiveRecord."
nodejs,database,https://github.com/vitaly-t/pg-promise, - PostgreSQL framework for native SQL using promises.
nodejs,database,https://github.com/Vincit/objection.js, - Lightweight ORM built on the SQL query builder Knex.
nodejs,database,https://github.com/typeorm/typeorm," - ORM for PostgreSQL, MariaDB, MySQL, SQLite, and more."
nodejs,database,https://github.com/tgriesser/knex,Query builder
nodejs,database,https://github.com/tgriesser/knex," - Query builder for PostgreSQL, MySQL and SQLite3, designed to be flexible, portable, and fun to use."
nodejs,database,https://github.com/louischatriot/nedb,Other
nodejs,database,https://github.com/louischatriot/nedb, - Embedded persistent database written in JavaScript.
nodejs,database,https://github.com/typicode/lowdb, - Small JavaScript database powered by Lodash.
nodejs,database,https://github.com/lukechilds/keyv, - Simple key-value storage with support for multiple backends.
nodejs,database,https://github.com/tommybananas/finale, - RESTful endpoint generator for your Sequelize models.
nodejs,database,https://github.com/mlaanderson/database-js, - Wrapper for multiple databases with a JDBC-like connection.
nodejs,database,https://github.com/pkosiec/mongo-seeding, - Populate MongoDB databases with JavaScript and JSON files.
nodejs,testing,https://ava.li, - Futuristic test runner.
nodejs,testing,http://mochajs.org, - Feature-rich test framework making asynchronous testing simple and fun.
nodejs,testing,https://github.com/bcoe/nyc, - Code coverage tool built on istanbul that works with subprocesses.
nodejs,testing,https://github.com/isaacs/node-tap, - TAP test framework.
nodejs,testing,https://github.com/substack/tape, - TAP-producing test harness.
nodejs,testing,https://github.com/power-assert-js/power-assert, - Provides descriptive assertion messages through the standard assert interface.
nodejs,testing,https://github.com/mantoni/mochify.js," - TDD with Browserify, Mocha, PhantomJS and WebDriver."
nodejs,testing,https://github.com/vdemedes/trevor, - Run tests against multiple versions of Node.js without switching versions manually or pushing to Travis CI.
nodejs,testing,https://github.com/alexfernandez/loadtest," - Run load tests for your web application, with an API for automation."
nodejs,testing,https://github.com/sinonjs/sinon," - Test spies, stubs and mocks."
nodejs,testing,https://github.com/nodeca/navit, - PhantomJS / SlimerJS wrapper to simplify browser test scripting.
nodejs,testing,https://github.com/pgte/nock, - HTTP mocking and expectations.
nodejs,testing,https://github.com/theintern/intern, - Code testing stack.
nodejs,testing,https://github.com/h2non/toxy, - Hackable HTTP proxy to simulate failure scenarios and network conditions.
nodejs,testing,https://github.com/sindresorhus/hook-std, - Hook and modify stdout/stderr.
nodejs,testing,https://github.com/egoist/testen, - Run tests for multiple versions of Node.js locally with NVM.
nodejs,testing,https://github.com/nightwatchjs/nightwatch, - Automated UI testing framework based on Selenium WebDriver.
nodejs,testing,https://github.com/webdriverio/webdriverio, - Automated testing based on the WebDriver protocol.
nodejs,testing,https://github.com/facebook/jest, - Painless JavaScript testing.
nodejs,testing,https://github.com/DevExpress/testcafe, - Automated browser testing.
nodejs,testing,https://github.com/bleenco/abstruse, - Continuous Integration server.
nodejs,security,https://github.com/Snyk/snyk, - CLI and build-time tool to find & fix vulnerable npm dependencies.
nodejs,security,https://github.com/simonepri/upash, - Unified API for all password hashing algorithms.
nodejs,security,https://github.com/cossacklabs/themis," - Multilanguage framework for making typical encryption schemes easy to use: data at rest, authenticated data exchange, transport protection, authentication, and so on."
nodejs,benchmarking,https://github.com/bestiejs/benchmark.js, - Benchmarking library that supports high-resolution timers and returns statistically significant results.
nodejs,benchmarking,https://github.com/logicalparadox/matcha, - Simplistic approach to benchmarking.
nodejs,minifiers,https://github.com/babel/babili, - ES2015+ aware minifier based on the Babel toolchain.
nodejs,minifiers,https://github.com/mishoo/UglifyJS2, - JavaScript minifier.
nodejs,minifiers,https://github.com/jakubpawlowicz/clean-css, - CSS minifier.
nodejs,minifiers,https://github.com/Swaagie/minimize, - HTML minifier.
nodejs,minifiers,https://github.com/imagemin/imagemin, - Image minifier.
nodejs,authentication,https://github.com/jaredhanson/passport," - Simple, unobtrusive authentication."
nodejs,authentication,https://github.com/simov/grant," - OAuth middleware for Express, Koa, and Hapi."
nodejs,authentication,https://github.com/CloudRail/cloudrail-si-node-sdk," - Unified API for social authentication (Facebook, Twitter, Slack, Instagram, …)."
nodejs,authorization,https://github.com/stalniy/casl, - Isomorphic authorization for UI and API.
nodejs,authorization,https://github.com/casbin/node-casbin," - Authorization library that supports access control models like ACL, RBAC and ABAC."
nodejs,email,https://github.com/andris9/Nodemailer, - The fastest way to handle email.
nodejs,email,https://github.com/eleith/emailjs, - Send text/HTML emails with attachments to any SMTP server.
nodejs,email,https://github.com/niftylettuce/email-templates," - Create, preview, and send custom email templates."
nodejs,job-queues,https://github.com/Automattic/kue, - Redis-backed priority job queue.
nodejs,job-queues,https://github.com/OptimalBits/bull, - Persistent job and message queue.
nodejs,job-queues,https://github.com/rschmukler/agenda, - MongoDB-backed job scheduling.
nodejs,job-queues,https://github.com/nodeca/idoit, - Redis-backed job queue engine with advanced job control.
nodejs,job-queues,https://github.com/taskrabbit/node-resque, - Redis-backed job queue.
nodejs,job-queues,https://github.com/smrchy/rsmq, - Redis-backed message queue.
nodejs,job-queues,https://github.com/bee-queue/bee-queue, - High-performance Redis-backed job queue.
nodejs,node-js-management,https://github.com/tj/n, - Node.js version management.
nodejs,node-js-management,https://github.com/isaacs/nave, - Virtual Environments for Node.js.
nodejs,node-js-management,https://github.com/ekalinin/nodeenv, - Node.js virtual environment compatible to Python's virtualenv.
nodejs,node-js-management,https://github.com/coreybutler/nvm-windows, - Version management for Windows.
nodejs,natural-language-processing,https://github.com/wooorm/retext, - An extensible natural language system.
nodejs,natural-language-processing,https://github.com/wooorm/franc, - Detect the language of text.
nodejs,natural-language-processing,https://github.com/sindresorhus/leven, - Measure the difference between two strings using the Levenshtein distance algorithm.
nodejs,natural-language-processing,https://github.com/NaturalNode/natural, - Natural language facility.
nodejs,process-management,https://github.com/Unitech/pm2, - Advanced Process Manager.
nodejs,process-management,https://github.com/remy/nodemon, - Monitor for changes in your app and automatically restart the server.
nodejs,process-management,https://github.com/coreybutler/node-mac, - Run scripts as a native Mac daemon and log to the console app.
nodejs,process-management,https://github.com/coreybutler/node-linux, - Run scripts as native system service and log to syslog.
nodejs,process-management,https://github.com/coreybutler/node-windows, - Run scripts as a native Windows service and log to the Event viewer.
nodejs,process-management,https://github.com/petruisfan/node-supervisor, - Restart scripts when they crash or restart when a 
nodejs,process-management,https://github.com/phusion/passenger, - Friendly process manager that integrates directly into Nginx.
nodejs,automation,https://github.com/octalmage/robotjs," - Desktop Automation: control the mouse, keyboard and read the screen."
nodejs,ast,https://github.com/ternjs/acorn," - Tiny, fast JavaScript parser."
nodejs,ast,https://github.com/babel/babel/tree/master/packages/babel-parser, - JavaScript parser used in Babel.
nodejs,static-site-generators,https://github.com/jnordberg/wintersmith," - Flexible, minimalistic, multi-platform static site generator."
nodejs,static-site-generators,https://github.com/assemble/assemble/," - Static site generator for Node.js, Grunt.js, and Yeoman."
nodejs,static-site-generators,https://github.com/docpad/docpad, - Static site generator with dynamic abilities and huge plugin ecosystem.
nodejs,static-site-generators,https://github.com/phenomic/phenomic, - Modern static website generator based on the React and Webpack ecosystem.
nodejs,static-site-generators,https://github.com/QingWei-Li/docsify, - Markdown documentation site generator with no statically built HTML files.
nodejs,content-management-systems,https://github.com/keystonejs/keystone, - CMS and web application platform built on Express and MongoDB.
nodejs,content-management-systems,https://github.com/apostrophecms/apostrophe, - Content management system with an emphasis on intuitive front end content editing and administration built on Express and MongoDB.
nodejs,content-management-systems,https://github.com/strapi/strapi, - Content Management Framework (headless-CMS) to build powerful APIs.
nodejs,content-management-systems,https://github.com/tipeio/tipe, - Developer-first content management system with GraphQL and REST API from a schema file.
nodejs,forum,https://github.com/NodeBB/NodeBB, - Forum platform for the modern web.
nodejs,blogging,https://github.com/TryGhost/Ghost," - Simple, powerful publishing platform."
nodejs,blogging,https://github.com/hexojs/hexo," - Fast, simple and powerful blogging framework."
nodejs,weird,https://github.com/sindresorhus/cows, - ASCII cows.
nodejs,weird,https://github.com/sindresorhus/superb, - Get superb like words.
nodejs,weird,https://github.com/sindresorhus/cat-names, - Get popular cat names.
nodejs,weird,https://github.com/sindresorhus/dog-names, - Get popular dog names.
nodejs,weird,https://github.com/sindresorhus/superheroes, - Get superhero names.
nodejs,weird,https://github.com/sindresorhus/supervillains, - Get supervillain names.
nodejs,weird,https://github.com/maxogden/cool-ascii-faces, - Get some cool ascii faces.
nodejs,weird,https://github.com/melaniecebula/cat-ascii-faces, - 
nodejs,weird,https://github.com/SkyHacks/nerds," - Get data from nerdy topics like Harry Potter, Star Wars, and Pokémon."
nodejs,serialization,https://github.com/kesla/node-snappy, - Native bindings for Google's Snappy compression library.
nodejs,serialization,https://github.com/dcodeIO/protobuf.js, - Implementation of Protocol Buffers.
nodejs,serialization,https://github.com/compactr/compactr.js, - Implementation of the Compactr protocol.
nodejs,miscellaneous,https://github.com/sindresorhus/execa, - Better 
nodejs,miscellaneous,https://github.com/cheeriojs/cheerio," - Fast, flexible, and lean implementation of core jQuery designed specifically for the server."
nodejs,miscellaneous,https://github.com/atom/electron, - Build cross platform desktop apps with web technologies. 
nodejs,miscellaneous,https://github.com/sindresorhus/opn," - Opens stuff like websites, files, executables."
nodejs,miscellaneous,https://github.com/sindresorhus/hasha, - Hashing made simple. Get the hash of a buffer/string/stream/file.
nodejs,miscellaneous,https://github.com/sindresorhus/dot-prop, - Get a property from a nested object using a dot path.
nodejs,miscellaneous,https://github.com/sindresorhus/onetime, - Only run a function once.
nodejs,miscellaneous,https://github.com/sindresorhus/mem, - Memoize functions - an optimization technique used to speed up consecutive function calls by caching the result of calls with identical input.
nodejs,miscellaneous,https://github.com/sindresorhus/import-fresh, - Import a module while bypassing the cache.
nodejs,miscellaneous,https://github.com/sindresorhus/strip-bom, - Strip UTF-8 byte order mark (BOM) from a string/buffer/stream.
nodejs,miscellaneous,https://github.com/sindresorhus/os-locale, - Get the system locale.
nodejs,miscellaneous,https://github.com/mscdex/ssh2, - SSH2 client and server module.
nodejs,miscellaneous,https://github.com/markelog/adit, - SSH tunneling made simple.
nodejs,miscellaneous,https://github.com/sindresorhus/import-lazy, - Import a module lazily.
nodejs,miscellaneous,https://github.com/sindresorhus/file-type, - Detect the file type of a Buffer.
nodejs,miscellaneous,https://github.com/SGrondin/bottleneck, - Rate limiter that makes throttling easy.
nodejs,miscellaneous,https://github.com/sindresorhus/ow, - Function argument validation for humans.
nodejs,miscellaneous,https://github.com/audreyt/node-webworker-threads, - Lightweight Web Worker API implementation with native threads.
nodejs,miscellaneous,https://github.com/sindresorhus/clipboardy, - Access the system clipboard (copy/paste).
nodejs,miscellaneous,https://github.com/mapbox/node-pre-gyp, - Makes it easy to publish and install Node.js C++ addons from binaries.
nodejs,miscellaneous,https://github.com/peterbraden/node-opencv, - Bindings for OpenCV. The defacto computer vision library.
nodejs,miscellaneous,https://github.com/motdotla/dotenv, - Load environment variables from .env file.
nodejs,miscellaneous,https://github.com/sindresorhus/remote-git-tags, - Get tags from a remote git repo.
nodejs,miscellaneous,https://github.com/npm/node-semver, - Semantic version parser.
nodejs,miscellaneous,https://github.com/Marak/Faker.js, - Generate massive amounts of fake data.
nodejs,miscellaneous,https://github.com/nodegit/nodegit, - Native bindings to Git.
nodejs,miscellaneous,https://github.com/pigulla/json-strictify, - Safely serialize a value to JSON without data loss or going into an infinite loop.
nodejs,miscellaneous,https://github.com/sindresorhus/resolve-from, - Resolve the path of a module like 
nodejs,miscellaneous,https://github.com/cgiffard/node-simplecrawler, - Event driven web crawler.
nodejs,miscellaneous,https://github.com/tmpvar/jsdom, - JavaScript implementation of HTML and the DOM.
nodejs,miscellaneous,https://github.com/airbnb/hypernova, - Server-side rendering your JavaScript views.
nodejs,miscellaneous,https://github.com/sindresorhus/is, - Type check values.
nodejs,miscellaneous,https://github.com/simonepri/env-dot-prop," - Get, set, or delete nested properties of process.env using a dot path."
nodejs,miscellaneous,https://github.com/sindresorhus/emittery, - Simple and modern async event emitter.
nodejs,miscellaneous,http://nodebots.io, - Robots powered by JavaScript.
nodejs,miscellaneous,https://github.com/sindresorhus/node-module-boilerplate, - Boilerplate to kickstart creating a node module.
nodejs,miscellaneous,https://github.com/sindresorhus/generator-nm, - Scaffold out a node module.
nodejs,miscellaneous,https://github.com/Microsoft/nodejs-guidelines," - Tips, tricks, and resources for working with Node.js on Microsoft platforms."
nodejs,miscellaneous,https://github.com/sindresorhus/module-requests, - Request a JavaScript module you wish existed or get ideas for modules.
nodejs,tutorials,https://github.com/i0natan/nodebestpractices," - Summary and curation of the top-ranked content on Node.js best practices, available in multiple languages."
nodejs,tutorials,http://nodeschool.io, - Learn Node.js with interactive lessons.
nodejs,tutorials,https://github.com/maxogden/art-of-node/#the-art-of-node, - An introduction to Node.js.
nodejs,tutorials,https://github.com/substack/stream-handbook, - How to write Node.js programs with streams.
nodejs,tutorials,https://github.com/mattdesl/module-best-practices, - Some good practices when writing new npm modules.
nodejs,tutorials,http://thenodeway.io," - An entire philosophy of Node.js best practices and guiding principles exists for writing maintainable modules, scalable applications, and code that is actually pleasant to read."
nodejs,tutorials,https://github.com/azat-co/you-dont-know-node, - Introduction to Node.js core features and asynchronous JavaScript.
nodejs,discovery,https://npms.io, - Superb package search with deep analysis of package quality using a 
nodejs,discovery,https://npmaddict.com, - Your daily injection of npm packages.
nodejs,discovery,https://npmcompare.com, - Compare and discover npm packages.
nodejs,articles,https://www.joyent.com/node-js/production/design/errors,
nodejs,articles,https://ponyfoo.com/articles/teach-yourself-nodejs-in-10-steps,
nodejs,articles,https://medium.com/@yoshuawuyts/mastering-the-filesystem-in-node-js-4706b7cb0801,
nodejs,articles,https://nodesource.com/blog/semver-a-primer/,
nodejs,articles,https://nodesource.com/blog/semver-tilde-and-caret/,
nodejs,articles,https://nodesource.com/blog/why-asynchronous/,
nodejs,articles,https://nodesource.com/blog/understanding-the-nodejs-event-loop/,
nodejs,articles,https://nodesource.com/blog/understanding-object-streams/,
nodejs,articles,https://github.com/noffle/art-of-readme, - Learn the art of writing quality READMEs.
nodejs,newsletters,http://nodeweekly.com, - Weekly e-mail round-up of Node.js news and articles.
nodejs,newsletters,https://nmotw.in, - Weekly dose of hand picked node modules.
nodejs,videos,https://www.youtube.com/watch?v=jo_B4LTHi3I,
nodejs,videos,https://learn.bevry.me/node/preface,
nodejs,videos,http://nodetuts.com," - Series of talks, including TCP & HTTP API servers, async programming, and more."
nodejs,books,https://www.manning.com/books/node-js-in-action-second-edition,
nodejs,books,http://www.amazon.com/Node-js-Practice-Alex-R-Young/dp/1617290939,
nodejs,books,http://visionmedia.github.io/masteringnode/,
nodejs,books,https://pragprog.com/book/jwnode2/node-js-8-the-right-way,
nodejs,books,http://www.amazon.com/Professional-Node-js-Building-Javascript-Scalable-ebook/dp/B009L7QETY/,
nodejs,books,http://practicalnodebook.com,
nodejs,books,http://book.mixu.net/node/,
nodejs,books,http://shop.oreilly.com/product/0636920032977.do,
nodejs,books,http://proexpressjs.com,
nodejs,books,http://www.amazon.com/Secure-Your-Node-js-Web-Application/dp/1680500856,
nodejs,books,https://www.manning.com/books/express-in-action,
nodejs,books,https://www.amazon.com/Practical-Modern-JavaScript-Dive-Future/dp/149194353X,
nodejs,books,https://www.amazon.com/Mastering-Modular-JavaScript-Nicolas-Bevacqua/dp/1491955686/,
nodejs,blogs,https://nodejs.org/en/blog/,
nodejs,blogs,http://webapplog.com/tag/node-js/, - Blog posts on Node.js and JavaScript from the author of Practical Node.js and Pro Express.js Azat Mardan.
nodejs,courses,https://learnnode.com/friend/AWESOME, - Video course by Wes Bos.
nodejs,courses,https://www.codeschool.com/courses/real-time-web-with-node-js,
nodejs,courses,https://www.udemy.com/understand-nodejs,
nodejs,cheatsheets,https://github.com/azat-co/cheatsheets/blob/master/express4,
nodejs,cheatsheets,https://github.com/stephenplusplus/stream-faqs," - Answering common questions about streams, covering pagination, events, and more."
nodejs,tools,https://chrome.google.com/webstore/detail/octolinker/jlmafbaeoofdegohdhinkhilhclaklkp," - Chrome extension that linkifies dependencies in package.json, .js, .jsx, .coffee and .md files on GitHub."
nodejs,tools,https://chrome.google.com/webstore/detail/npm-hub/kbbbjimdjbjclaebffknlabpogocablj, - Chrome extension to display npm dependencies at the bottom of a repo's readme.
nodejs,tools,http://blog.tonicdev.com/2015/09/30/embedded-tonic.html, - Embed a Node.js environment on any website.
nodejs,tools,http://requirebin.com, - Shareable JavaScript programs powered by npm and browserify.
nodejs,tools,https://chrome.google.com/webstore/detail/github-npm-stats/oomfflokggoffaiagenekchfnpighcef, - Chrome extension that displays npm download stats on GitHub.
nodejs,community,https://gitter.im/nodejs/node,
nodejs,community,http://webchat.freenode.net/?channels=node.js,
nodejs,community,http://stackoverflow.com/questions/tagged/node.js,
nodejs,community,https://www.reddit.com/r/node,
nodejs,community,https://twitter.com/nodejs,
nodejs,community,https://hashnode.com/n/nodejs,
nodejs,miscellaneous,https://github.com/sindresorhus/execa, - Better 
nodejs,miscellaneous,https://github.com/cheeriojs/cheerio," - Fast, flexible, and lean implementation of core jQuery designed specifically for the server."
nodejs,miscellaneous,https://github.com/atom/electron, - Build cross platform desktop apps with web technologies. 
nodejs,miscellaneous,https://github.com/sindresorhus/opn," - Opens stuff like websites, files, executables."
nodejs,miscellaneous,https://github.com/sindresorhus/hasha, - Hashing made simple. Get the hash of a buffer/string/stream/file.
nodejs,miscellaneous,https://github.com/sindresorhus/dot-prop, - Get a property from a nested object using a dot path.
nodejs,miscellaneous,https://github.com/sindresorhus/onetime, - Only run a function once.
nodejs,miscellaneous,https://github.com/sindresorhus/mem, - Memoize functions - an optimization technique used to speed up consecutive function calls by caching the result of calls with identical input.
nodejs,miscellaneous,https://github.com/sindresorhus/import-fresh, - Import a module while bypassing the cache.
nodejs,miscellaneous,https://github.com/sindresorhus/strip-bom, - Strip UTF-8 byte order mark (BOM) from a string/buffer/stream.
nodejs,miscellaneous,https://github.com/sindresorhus/os-locale, - Get the system locale.
nodejs,miscellaneous,https://github.com/mscdex/ssh2, - SSH2 client and server module.
nodejs,miscellaneous,https://github.com/markelog/adit, - SSH tunneling made simple.
nodejs,miscellaneous,https://github.com/sindresorhus/import-lazy, - Import a module lazily.
nodejs,miscellaneous,https://github.com/sindresorhus/file-type, - Detect the file type of a Buffer.
nodejs,miscellaneous,https://github.com/SGrondin/bottleneck, - Rate limiter that makes throttling easy.
nodejs,miscellaneous,https://github.com/sindresorhus/ow, - Function argument validation for humans.
nodejs,miscellaneous,https://github.com/audreyt/node-webworker-threads, - Lightweight Web Worker API implementation with native threads.
nodejs,miscellaneous,https://github.com/sindresorhus/clipboardy, - Access the system clipboard (copy/paste).
nodejs,miscellaneous,https://github.com/mapbox/node-pre-gyp, - Makes it easy to publish and install Node.js C++ addons from binaries.
nodejs,miscellaneous,https://github.com/peterbraden/node-opencv, - Bindings for OpenCV. The defacto computer vision library.
nodejs,miscellaneous,https://github.com/motdotla/dotenv, - Load environment variables from .env file.
nodejs,miscellaneous,https://github.com/sindresorhus/remote-git-tags, - Get tags from a remote git repo.
nodejs,miscellaneous,https://github.com/npm/node-semver, - Semantic version parser.
nodejs,miscellaneous,https://github.com/Marak/Faker.js, - Generate massive amounts of fake data.
nodejs,miscellaneous,https://github.com/nodegit/nodegit, - Native bindings to Git.
nodejs,miscellaneous,https://github.com/pigulla/json-strictify, - Safely serialize a value to JSON without data loss or going into an infinite loop.
nodejs,miscellaneous,https://github.com/sindresorhus/resolve-from, - Resolve the path of a module like 
nodejs,miscellaneous,https://github.com/cgiffard/node-simplecrawler, - Event driven web crawler.
nodejs,miscellaneous,https://github.com/tmpvar/jsdom, - JavaScript implementation of HTML and the DOM.
nodejs,miscellaneous,https://github.com/airbnb/hypernova, - Server-side rendering your JavaScript views.
nodejs,miscellaneous,https://github.com/sindresorhus/is, - Type check values.
nodejs,miscellaneous,https://github.com/simonepri/env-dot-prop," - Get, set, or delete nested properties of process.env using a dot path."
nodejs,miscellaneous,https://github.com/sindresorhus/emittery, - Simple and modern async event emitter.
nodejs,miscellaneous,http://nodebots.io, - Robots powered by JavaScript.
nodejs,miscellaneous,https://github.com/sindresorhus/node-module-boilerplate, - Boilerplate to kickstart creating a node module.
nodejs,miscellaneous,https://github.com/sindresorhus/generator-nm, - Scaffold out a node module.
nodejs,miscellaneous,https://github.com/Microsoft/nodejs-guidelines," - Tips, tricks, and resources for working with Node.js on Microsoft platforms."
nodejs,miscellaneous,https://github.com/sindresorhus/module-requests, - Request a JavaScript module you wish existed or get ideas for modules.
