ios,games,https://github.com/nvzqz/Sage, - A cross-platform chess library for Swift.
ios,games,https://github.com/codelynx/ShogibanKit," - ShogibanKit is a framework for implementing complex Japanese Chess (Shogii) in Swift. No UI, nor AI."
ios,games,https://github.com/mfessenden/SKTiled, - Swift framework for working with Tiled assets in SpriteKit
ios,games,https://github.com/bwide/CollectionNode, - A swift framework for a collectionView in SpriteKit
ios,games,https://github.com/eugenebokhan/AssetImportKit," - Swifty cross platform library (macOS, iOS) that converts Assimp supported models to SceneKit scenes."
ios,layout,https://github.com/SnapKit/Masonry," - Harness the power of AutoLayout NSLayoutConstraints with a simplified, chainable and expressive syntax."
ios,layout,https://github.com/floriankugler/FLKAutoLayout, - UIView category which makes it easy to create layout constraints in code.
ios,layout,https://github.com/mamaral/Facade, - Programmatic view layout for the rest of us - an autolayout alternative.
ios,layout,https://github.com/PureLayout/PureLayout," - The ultimate API for iOS & macOS Auto Layout â€” impressively simple, immensely powerful. Objective-C and Swift compatible."
ios,layout,https://github.com/SnapKit/SnapKit, - A Swift Autolayout DSL for iOS & macOS.
ios,layout,https://github.com/robb/Cartography, - A declarative Auto Layout DSL for Swift :iphone::triangular_ruler:
ios,layout,https://github.com/ruipfcosta/AutoLayoutPlus," - A bit of steroids for AutoLayout, powered by Swift."
ios,layout,https://github.com/mamaral/Neon, - A powerful Swift programmatic UI layout framework.
ios,layout,https://github.com/marty-suzuki/MisterFusion," - A Swift DSL for AutoLayout. It is the extremely clear, but concise syntax, in addition, can be used in both Swift and Objective-C."
ios,layout,https://github.com/joshaber/SwiftBox," - Flexbox in Swift, using Facebook's css-layout."
ios,layout,https://github.com/isair/ManualLayout, - Easy to use and flexible library for manually laying out views and layers for iOS and tvOS. Supports AsyncDisplayKit. [e]
ios,layout,https://github.com/freshOS/Stevia, - Elegant view layout for iOS.
ios,layout,https://github.com/floriankrueger/Manuscript, - AutoLayoutKit in pure Swift.
ios,layout,https://github.com/forkingdog/UITableView-FDTemplateLayoutCell, - Template auto layout cell for automatically UITableViewCell height calculating
ios,layout,https://github.com/indragiek/SwiftAutoLayout, - Tiny Swift DSL for Autolayout
ios,layout,https://github.com/evan-liu/FormationLayout, - Work with auto layout and size classes easily.
ios,layout,https://github.com/fhisa/SwiftyLayout, - Lightweight declarative auto-layout framework for Swift
ios,layout,https://github.com/Skyvive/Swiftstraints, - Auto Layout In Swift Made Easy
ios,layout,https://github.com/DeclarativeHub/Bond," - Bond is a Swift binding framework that takes binding concepts to a whole new level. It's simple, powerful, type-safe and multi-paradigm."
ios,layout,https://github.com/puffinsupply/Restraint, - Minimal Auto Layout in Swift
ios,layout,https://github.com/nakiostudio/EasyPeasy, - Auto Layout made easy
ios,layout,http://akordadev.github.io/AutoLayoutMagic/," - Build 1 scene, let Auto Layout Magic generate the  constraints for you!  Scenes look great across all devices!"
ios,layout,https://github.com/mergesort/Anchorman, - An autolayout library for the damn fine citizens of San Diego.
ios,layout,https://github.com/linkedin/LayoutKit, - LayoutKit is a fast view layout library for iOS.
ios,layout,https://github.com/gk-brown/MarkupKit, - Declarative UI for iOS applications
ios,layout,https://github.com/stevestreza/Relayout, - Swift microframework for declaring Auto Layout constraints functionally
ios,layout,https://github.com/Raizlabs/Anchorage, - A collection of operators and utilities that simplify iOS layout code.
ios,layout,https://github.com/grupozap/Compose, - Compose is a library that helps you compose complex and dynamic views.
ios,layout,https://github.com/wayfair/brickkit-ios," - With BrickKit, you can create complex and responsive layouts in a simple way. It's easy to use and easy to extend. Create your own reusable bricks and behaviors."
ios,layout,https://github.com/Otbivnoe/Framezilla, - Elegant library which wraps working with frames with a nice chaining syntax.
ios,layout,https://github.com/roberthein/TinyConstraints, -  The syntactic sugar that makes Auto Layout sweeter for human use.
ios,layout,https://github.com/youngsoft/MyLinearLayout," - MyLayout is a powerful iOS UI framework implemented by Objective-C. It integrates the functions with Android Layout,iOS AutoLayout,SizeClass, HTML CSS float and flexbox and bootstrap."
ios,layout,https://github.com/ashikahmad/SugarAnchor," - Same native NSLayoutAnchor & NSLayoutConstraints; but with more natural and easy to read syntactic sugar. Typesafe, concise & readable."
ios,layout,https://github.com/onmyway133/Anchors," - Declarative, extensible, powerful Auto Layout for iOS 8+ and macOS 10.10+"
ios,layout,https://github.com/layoutBox/PinLayout," - Fast Swift Views layouting without auto layout. No magic, pure code, full control and blazing fast. Concise syntax, intuitive, readable & chainable. [iOS/macOS/tvOS] ðŸ”¶"
ios,layout,https://github.com/sp71/SnapLayout, - Concise Auto Layout API to chain programmatic constraints while easily updating existing constraints. [e]
ios,layout,https://github.com/nerdycat/Cupcake, - An easy way to create and layout UI components for iOS.
ios,layout,https://github.com/yonat/MiniLayout, - Minimal AutoLayout convenience layer. Program constraints succinctly.
ios,layout,https://github.com/wordlessj/Bamboo, - Bamboo makes Auto Layout (and manual layout) elegant and concise.
ios,layout,https://github.com/layoutBox/FlexLayout, - FlexLayout gently wraps the highly optimized 
ios,layout,https://github.com/schibsted/layout, - A declarative UI framework for iOS
ios,layout,https://github.com/k-o-d-e-n/CGLayout," - Powerful autolayout framework based on constraints, that can manage UIView(NSView), CALayer and not rendered views. Not Apple Autolayout wrapper."
ios,layout,https://github.com/facebook/yoga/tree/master/YogaKit, - Powerful layout engine which implements Flexbox. Developed and maintained by Facebook.
ios,layout,https://github.com/AntonTheDev/FlightLayout, -  Balanced medium between manual layout and auto-layout. Great for calculating frames for complex animations.
ios,layout,https://github.com/josejuanqm/QLayout, - AutoLayout Utility for iOS.
ios,layout,https://github.com/DeclarativeHub/Layoutless, - Minimalistic declarative layout and styling framework built on top of Auto Layout.
ios,layout,https://github.com/kean/Yalta, - An intuitive and powerful Auto Layout library.
ios,layout,https://github.com/lionheart/SuperLayout, - Simplify Auto Layout with super syntactic sugar.
ios,layout,https://github.com/huri000/QuickLayout," - QuickLayout offers a simple way, to easily manage Auto Layout in code."
ios,layout,https://github.com/efekanegeli/EEStackLayout, - A structured vertical stack layout.
ios,layout,https://github.com/daskioff/RKAutoLayout, - Simple wrapper over AutoLayout. [iOS] ðŸ”¶
ios,machine-learning,https://github.com/vlall/Swift-Brain," - Artificial Intelligence/Machine Learning data structures and Swift algorithms for future iOS development. Bayes theorem, Neural Networks, and more AI."
ios,machine-learning,https://github.com/KevinCoble/AIToolbox," - A toolbox of AI modules written in Swift: Graphs/Trees, Linear Regression, Support Vector Machines, Neural Networks, PCA, KMeans, Genetic Algorithms, MDP, Mixture of Gaussians."
ios,machine-learning,https://github.com/tensorflow/tensorflow/tree/master/tensorflow/examples/ios, - The official Google-built powerful neural network library port for iOS.
ios,machine-learning,https://github.com/xmartlabs/Bender, - Easily craft fast Neural Networks. Use TensorFlow models. Metal under the hood.
ios,machine-learning,https://github.com/caffe2/caffe2," - Lightweight, modular, and scalable deep learning framework."
ios,machine-learning,https://github.com/ytakzk/CoreML-samples, - Sample code for Core ML using ResNet50 provided by Apple and a custom model generated by coremltools.
ios,machine-learning,https://github.com/petrmanek/Revolver," - A framework for building fast genetic algorithms in Swift. Comes with modular architecture, pre-implemented operators and loads of examples."
ios,machine-learning,https://github.com/likedan/Awesome-CoreML-Models, - A collection of unique Core ML Models.
ios,machine-learning,https://github.com/pcpLiu/Serrano, - A deep learning library for iOS and macOS.
ios,machine-learning,https://github.com/Swift-AI/Swift-AI, - The Swift machine learning library.
ios,machine-learning,https://github.com/qoncept/TensorSwift," - A lightweight library to calculate tensors in Swift, which has similar APIs to TensorFlow's."
ios,maps,https://github.com/route-me/route-me, - Open source map library for iOS.
ios,maps,https://github.com/neilang/NAMapKit, - Allows you to use custom maps in iPhone applications and attempts to mimics some of the behaviour of the MapKit framework.
ios,maps,https://github.com/mapbox/mapbox-gl-native, - An OpenGL renderer for Mapbox Vector Tiles with SDK bindings for iOS.
ios,maps,https://github.com/citymapper/CMMapLauncher, - iOS library that makes it quick and easy to show directions in various mapping applications.
ios,maps,https://github.com/GEOSwift/GEOSwift, - The Swift Geographic Engine.
ios,maps,https://github.com/poulpix/PXGoogleDirections," - Google Directions API helper for iOS, written in Swift"
ios,maps,https://github.com/efremidze/Cluster, - Easy Map Annotation Clustering.
ios,maps,https://github.com/jamesdouble/JDSwiftHeatMap, - JDSwiftMap is an IOS Native MapKit Library. You can easily make a highly customized HeatMap.
ios,maps,https://github.com/hulab/ClusterKit," - An iOS map clustering framework targeting MapKit, Google Maps and Mapbox."
ios,maps,https://github.com/SvenTiigi/FlyoverKit, - FlyoverKit enables you to present stunning 360Â° flyover views on your MKMapView with zero effort while maintaining full configuration possibilities.
ios,maps,https://github.com/okhanokbay/MapViewPlus," - Use any custom view as custom callout view of your MKMapView with cool animations. Also, easily use any image as annotation view."
ios,maps,https://getyourmap.com, - Crossplatform offline vector map with MapCSS styling. Offline search and offline navigation are included.
ios,math,https://github.com/mattt/Euler, - Swift Custom Operators for Mathematical Notation
ios,math,https://github.com/madbat/SwiftMath," - :triangular_ruler: A math framework for Swift. Includes: vectors, matrices, complex numbers, quaternions and polynomials."
ios,math,https://github.com/phimage/Arithmosophi, - A set of protocols for Arithmetic and Logical operations
ios,math,https://github.com/mattt/Surge," - A Swift library that uses the Accelerate framework to provide high-performance functions for matrix math, digital signal processing, and image manipulation."
ios,math,https://github.com/alejandro-isaza/Upsurge, - Swift math
ios,math,https://github.com/rugheid/Swift-MathEagle," - A general math framework to make using math easy. Currently supports function solving and optimisation, matrix and vector algebra, complex numbers, big int and big frac and general handy extensions and functions."
ios,math,https://github.com/kostub/iosMath, - A library for displaying beautifully rendered math equations. Enables typesetting LaTeX math formulae in iOS.
ios,math,https://github.com/dankogai/swift2-pons, - Protocol-Oriented Number System in Pure Swift
ios,math,https://github.com/attaswift/BigInt, - Arbitrary-precision arithmetic in pure Swift
ios,math,https://github.com/evgenyneu/SigmaSwiftStatistics, - A collection of functions for statistical calculation.
ios,math,https://github.com/nicklockwood/VectorMath," - A Swift library for Mac and iOS that implements common 2D and 3D vector and matrix functions, useful for games or vector-based graphics"
ios,math,https://github.com/nicklockwood/Expression, - A Mac and iOS library for evaluating numeric expressions at runtime
ios,math,https://github.com/toineheuvelmans/Metron, - Metron is a comprehensive collection of geometric functions and types that extend the 2D geometric primitives provided by CoreGraphics.
ios,math,https://github.com/xwu/NumericAnnex," - NumericAnnex supplements the numeric facilities provided in the Swift standard library with generic integer algorithms, complex numbers, rational numbers, and pseudorandom number generators (written in, and for, Swift 4)"
ios,math,https://github.com/aaronjsutton/EasyRoot, - A framework to simplify radical expressions
ios,math,https://github.com/malcommac/SwiftSimplify, - Tiny high-performance Swift Polyline Simplification Library.
ios,networking,https://github.com/AFNetworking/AFNetworking, - A delightful iOS and macOS networking framework.
ios,networking,https://github.com/RestKit/RestKit," - RestKit is an Objective-C framework for iOS that aims to make interacting with RESTful web services simple, fast and fun."
ios,networking,https://github.com/foursquare/FSNetworking, - Foursquare iOS networking library.
ios,networking,https://github.com/pokeb/asi-http-request," - Easy to use CFNetwork wrapper for HTTP requests, Objective-C, macOS and iPhone."
ios,networking,https://github.com/Overcoat/Overcoat, - Small but powerful library that makes creating REST clients simple and fun.
ios,networking,https://github.com/epam/road-ios-framework, - Attributed-oriented approach for interacting with web services. The framework has built-in json and xml serialization for requests and responses and can be easily extensible.
ios,networking,https://github.com/Alamofire/Alamofire," - Alamofire is an HTTP networking library written in Swift, from the creator of AFNetworking."
ios,networking,https://github.com/nghialv/Transporter, - A tiny library makes uploading and downloading easier.
ios,networking,https://github.com/cdzombak/CDZPinger, - Easy-to-use ICMP Ping.
ios,networking,https://github.com/dingbat/nsrails, - iOS/Mac OS framework for Rails.
ios,networking,https://github.com/nathankot/NKMultipeer, - A testable abstraction over multipeer connectivity.
ios,networking,https://github.com/robbiehanson/CocoaAsyncSocket, - Asynchronous socket networking library for Mac and iOS.
ios,networking,https://bustoutsolutions.github.io/siesta/, - Elegant abstraction for RESTful resources that untangles stateful messes. An alternative to callback- and delegate-based networking.
ios,networking,https://github.com/ashleymills/Reachability.swift, - Replacement for Apple's Reachability re-written in Swift with closures
ios,networking,https://github.com/icoco/OctopusKit, - A simplicity but graceful solution for invoke RESTful web service APIs.
ios,networking,https://github.com/Moya/Moya, - Network abstraction layer written in Swift.
ios,networking,https://github.com/chasseurmic/TWRDownloadManager," - A modern download manager based on NSURLSession to deal with asynchronous downloading, management and persistence of multiple files."
ios,networking,https://github.com/qiniu/happy-dns-objc," - A Dns library, support custom dns server, dnspod httpdns. Only support A record."
ios,networking,https://github.com/BridgeNetworking/Bridge, - A simple extensible typed networking library. Intercept and process/alter requests and responses easily.
ios,networking,https://github.com/MLSDev/TRON," - Lightweight network abstraction layer, written on top of Alamofire"
ios,networking,https://github.com/evermeer/EVCloudKitDao, - Simplified access to Apple's CloudKit
ios,networking,https://github.com/evermeer/EVURLCache, - a NSURLCache subclass for handling all web requests that use NSURLRequest
ios,networking,https://github.com/netguru/ResponseDetective, - Sherlock Holmes of the networking layer.
ios,networking,https://github.com/johnlui/Pitaya, - A Swift HTTP / HTTPS networking library just incidentally execute on machines
ios,networking,https://github.com/JustHTTP/Just, - Swift HTTP for Humans
ios,networking,https://github.com/hallas/agent, - Minimalistic Swift HTTP request agent for iOS and macOS
ios,networking,https://github.com/Isuru-Nanayakkara/Reach, - A simple class to check for internet connection availability in Swift.
ios,networking,https://github.com/daltoniam/SwiftHTTP, - Thin wrapper around NSURLSession in swift. Simplifies HTTP requests.
ios,networking,https://github.com/qiniu/iOS-netdiag, - A network diagnosis library. Support Ping/TcpPing/Rtmp/TraceRoute/DNS/external IP/external DNS.
ios,networking,https://github.com/betacraft/AFNetworkingHelper, - A custom wrapper over AFNetworking library that we use inside RC extensively
ios,networking,https://github.com/azizuysal/NetKit, - A Concise HTTP Framework in Swift.
ios,networking,https://github.com/dustturtle/RealReachability, - We need to observe the REAL reachability of network. That's what RealReachability do.
ios,networking,https://github.com/nixzhu/MonkeyKing, - MonkeyKing helps you post messages to Chinese Social Networks.
ios,networking,https://github.com/imex94/NetworkKit," - Lightweight Networking and Parsing framework made for iOS, Mac, WatchOS and tvOS."
ios,networking,https://github.com/ishkawa/APIKit, - A networking library for building type safe web API client in Swift.
ios,networking,https://github.com/freshOS/ws, - Elegant JSON WebService in Swift.
ios,networking,https://github.com/spotify/SPTDataLoader, - The HTTP library used by the Spotify iOS client.
ios,networking,https://github.com/skywite/SWNetworking," - Powerful high-level iOS, macOS and tvOS networking library."
ios,networking,https://github.com/3lvis/Networking, - Simple HTTP Networking in Swift a NSURLSession wrapper with image caching support
ios,networking,https://github.com/priore/SOAPEngine," - This generic SOAP client allows you to access web services using a your iOS app, macOS app and AppleTV app."
ios,networking,https://github.com/thoughtbot/Swish, - Nothing but Net(working)
ios,networking,https://github.com/hyperoslo/Malibu, - :surfer: Malibu is a networking library built on promises
ios,networking,https://github.com/yuantiku/YTKNetwork, - YTKNetwork is a high level request util based on AFNetworking.
ios,networking,https://github.com/serejahh/UnboxedAlamofire, - Alamofire + Unbox: the easiest way to download and decode JSON into swift objects.
ios,networking,https://github.com/mavris/MMLanScan, - An iOS LAN Network Scanner library
ios,networking,https://github.com/FelixLinBH/Domainer, - Manage multi-domain url auto mapping ip address table
ios,networking,https://github.com/Restofire/Restofire, - Restofire is a protocol oriented network abstraction layer in swift that is built on top of Alamofire to use services in a declartive way
ios,networking,https://github.com/kubatruhlar/AFNetworking-RetryPolicy, - An objective-c category that adds the ability to set the retry logic for requests made with AFNetworking.
ios,networking,https://github.com/azawawi/SwiftyZeroMQ," - ZeroMQ Swift Bindings for iOS, macOS, tvOS and watchOS."
ios,networking,https://github.com/stremsdoerfer/Nikka," - A super simple Networking wrapper that supports many JSON libraries, Futures and Rx"
ios,networking,https://github.com/kangzubin/XMNetworking, - A lightweight but powerful network library with simplified and expressive syntax based on AFNetworking.
ios,networking,https://github.com/abdullahselek/Merhaba," - Bonjour networking for discovery and connection between iOS, macOS and tvOS devices."
ios,networking,https://github.com/dbsystel/DBNetworkStack," - Resource-oritented networking which is typesafe, extendable, composeable and makes testing a lot easier."
ios,networking,https://github.com/ezefranca/EFInternetIndicator, - A little swift Internet error status indicator using ReachabilitySwift.
ios,networking,https://github.com/paulmelnikow/AFNetworking-Synchronous," - Synchronous requests for AFNetworking 1.x, 2.x, and 3.x."
ios,networking,https://github.com/logansease/QwikHttp," - a robust, yet lightweight and simple to use HTTP networking library designed for RESTful APIs."
ios,networking,https://github.com/intelygenz/NetClient-iOS, - Versatile HTTP networking library written in Swift 3.
ios,networking,https://github.com/Wasappli/WANetworkRouting," - An iOS library to route API paths to objects on client side with request, mapping, routing and auth layers"
ios,networking,https://github.com/RuiAAPeres/Reactor, - Powering your RAC architecture
ios,networking,https://github.com/isamankumara/skywite," - Powerful high-level iOS, macOS and tvOS networking library. from the creator of SWNetworking"
ios,networking,https://github.com/cornerAnt/Digger, - Digger is a lightweight download framework that requires only one line of code to complete the file download task.
ios,networking,https://github.com/AlTavares/Ciao," - Publish and discover services using mDNS(Bonjour, Zeroconf)."
ios,networking,https://github.com/SvenTiigi/PerfectAPIClient, - An API Client based on a network abstraction layer for the Perfect Server-Side Swift Framework
ios,networking,https://github.com/mmoaay/Bamboots," - Bamboots is a network request framework based on Alamofire, aiming at making network request easier for business development"
ios,networking,https://github.com/dingwilson/MultiPeer, - An easy-to-use wrapper for the MultipeerConnectivity framework for automatic offline data transmission between devices
ios,networking,https://github.com/ThreeGayHub/SolarNetwork, - Elegant network abstraction layer in Swift.
ios,networking,https://github.com/Feghal/FGRoute," - An easy-to-use library that helps developers to get wifi ssid, router and device ip addresses."
ios,networking,https://github.com/stdevteam/RxRestClient, - Simple REST Client based on RxSwift and Alamofire.
ios,networking,https://github.com/billp/TermiNetwork," - A networking library written with Swift 4.0 that supports multi-environment configuration, routing and automatic deserialization"
ios,networking,https://github.com/iAmrSalman/Dots, - Lightweight Concurrent Networking Framework.
ios,networking,https://github.com/Albinzr/Gem, - An extreme light weight system with high performance for managing all http request with automated parser with modal.
ios,networking,https://github.com/rogermolas/RMHttp, - Lightweight REST library for iOS and watchOS.
ios,networking,https://github.com/tunespeak/AlamoRecord, - An elegant yet powerful iOS networking layer inspired by ActiveRecord.
ios,networking,https://github.com/emadhegab/MHNetwork, - Protocol Oriented Network Layer Aim to avoid having bloated singleton NetworkManager
ios,representations,https://github.com/apollographql/apollo-ios," - A GraphQL client for iOS, written in Swift"
ios,representations,https://github.com/bricklife/JSONRPCKit, - A JSON-RPC 2.0 library purely written in Swift
ios,representations,https://github.com/alexeyxo/protobuf-swift, - Google ProtocolBuffers for Apple Swift
ios,representations,https://github.com/apple/swift-protobuf, - Plugin and runtime library for using protobuf with Swift.
ios,optimization,https://github.com/nvzqz/Unreachable, - Unreachable code path optimization hint for Swift.
ios,passbook,https://github.com/frozon/passbook, - Passbook gem let's you create pkpass for passbook iOS 6+.
ios,passbook,https://github.com/nomad/dubai, - Generate and Preview Passbook Passes.
ios,passbook,https://passkit.com," - Design, Create and validate Passbook Passes."
ios,payments,https://github.com/prolificinteractive/Caishen, - A Payment Card UI & Validator for iOS.
ios,payments,https://stripe.com, - Payment integration on your app with ï£¿PAY. Suitable for people with low knowledge on Backend.
ios,payments,https://www.braintreepayments.com, - Free payment processing on your first $50k. Requires Backend.
ios,payments,https://github.com/venmo/venmo-ios-sdk, Make and accept payments in your iOS app via Venmo.
ios,payments,https://moltin.com/swift-ecommerce-sdk/," - Add eCommerce to your app with a simple SDK, so you can create a store and sell physical products, no backend required."
ios,payments,https://github.com/MosheBerman/PatronKit, - A framework to add patronage to your apps.
ios,payments,https://github.com/bizz84/SwiftyStoreKit, - Lightweight In App Purchases Swift framework for iOS 8.0+ and macOS 9.0+
ios,payments,https://github.com/sandorgyulai/InAppFramework, - In App Purchase Manager framework for iOS
ios,payments,https://github.com/rpzzzzzz/SwiftInAppPurchase, - Simply code In App Purchases with this Swift Framework
ios,payments,https://github.com/gabrielgarza/monza," - Ruby Gem for Rails - Easy iTunes In-App Purchase Receipt validation, including auto-renewable subscriptions"
ios,payments,https://github.com/paypal/PayPal-iOS-SDK, - Accept payments in your iOS app via PayPal.
ios,payments,https://github.com/card-io/card.io-iOS-SDK," - card.io provides fast, easy credit card scanning in mobile apps"
ios,payments,https://github.com/MaxKramer/SwiftLuhn, - Debit/Credit card validation port of the Luhn Algorithm in Swift
ios,payments,https://github.com/MaxKramer/ObjectiveLuhn, - Luhn Credit Card Validation Algorithm
ios,payments,https://github.com/robotmedia/RMStore, - A lightweight iOS library for In-App Purchases
ios,payments,https://github.com/mobilefirstinc/MFCard, - Easily integrate Credit Card payments in iOS App / Customisable Card UI
ios,payments,https://github.com/tikhop/TPInAppReceipt, - Reading and Validating In App Store Receipt
ios,payments,https://github.com/eliakorkmaz/iCard, - Bank Card Generator with Swift using SnapKit DSL
ios,payments,https://github.com/orazz/CreditCardForm-iOS, - CreditCardForm is iOS framework that allows developers to create the UI which replicates an actual Credit Card.
ios,payments,https://github.com/benjaminmayo/merchantkit, - A modern In-App Purchases management framework for iOS.
ios,payments,https://github.com/lionheart/TipJarViewController," - Easy, drop-in tip jar for iOS apps."
ios,payments,https://github.com/checkout/frames-ios, - Payment Form UI and Utilities in Swift.
ios,permissions,https://github.com/nixzhu/Proposer," - Make permission request easier (Supports Camera, Photos, Microphone, Contacts, Location)."
ios,permissions,https://github.com/wircho/ICanHas," - Simplifies iOS user permission requests (Supports location, push notifications, camera, contacts, calendar, photos)."
ios,permissions,https://github.com/zakkhoyt/VWWPermissionKit, - A visual permission manager for iOS.
ios,permissions,https://github.com/iosphere/ISHPermissionKit, - A unified way for iOS apps to request user permissions.
ios,permissions,https://github.com/jlaws/JLPermissions," - An iOS pre-permissions utility that lets developers ask users on their own dialog for calendar, contacts, location, photos, reminders, twitter, push notifications and more, before making the system-based permission request."
ios,permissions,https://github.com/rsattar/ClusterPrePermissions," - Reusable pre-permissions utility that lets developers ask users for access in their own dialog, before making the system-based request."
ios,permissions,https://github.com/delba/Permission, - A unified API to ask for permissions on iOS
ios,permissions,https://github.com/SvenTiigi/STLocationRequest, - A simple and elegant 3D-Flyover location request screen written Swift.
ios,permissions,https://github.com/pascalbros/PAPermissions, - A unified API to ask for permissions on iOS
ios,permissions,https://github.com/ennioma/arek, - AREK is a clean and easy to use wrapper over any kind of iOS permission.
ios,permissions,https://github.com/IvanVorobei/RequestPermission, - simple permission request with beautiful UI
ios,products,https://www.import.io/, - Instantly Turn Web Pages into Data.
ios,products,https://www.tapglue.com/, - Build social products and a activity feed with a few lines of code.
ios,products,https://github.com/openshopio/openshop.io-ios, - mobile e-commerce solution connected to Facebook Ads and Google.
ios,reactive-programming,https://github.com/ReactiveX/RxSwift, - Reactive Programming in Swift
ios,reactive-programming,https://github.com/thanegill/RxOptional," - RxSwift extensions for Swift optionals and ""Occupiable"" types"
ios,reactive-programming,https://github.com/Carthage/ReactiveTask," - Flexible, stream-based abstraction for launching processes"
ios,reactive-programming,https://github.com/ReactiveCocoa/ReactiveCocoa, - Streams of values over time.
ios,reactive-programming,https://github.com/RxSwiftCommunity/RxMediaPicker, - A reactive wrapper built around UIImagePickerController.
ios,reactive-programming,https://github.com/apparentsoft/ReactiveCoreData, - ReactiveCoreData (RCD) is an attempt to bring Core Data into the ReactiveCocoa (RAC) world.
ios,reactive-programming,https://github.com/ReSwift/ReSwift, - Unidirectional Data Flow in Swift - Inspired by Redux
ios,reactive-programming,https://github.com/DeclarativeHub/ReactiveKit, - ReactiveKit is a collection of Swift frameworks for reactive and functional reactive programming.
ios,reactive-programming,https://github.com/sunshinejr/RxPermission, - RxSwift bindings for Permissions API in iOS.
ios,reactive-programming,https://github.com/RxSwiftCommunity/RxAlamofire, - RxSwift wrapper around the elegant HTTP networking in Swift Alamofire
ios,reactive-programming,https://github.com/RxSwiftCommunity/RxRealm, - Rx wrapper for Realm's collection types
ios,reactive-programming,https://github.com/RxSwiftCommunity/RxMultipeer, - A testable RxSwift wrapper around MultipeerConnectivity
ios,reactive-programming,https://github.com/Polidea/RxBluetoothKit, - iOS & macOS Bluetooth library for RxSwift
ios,reactive-programming,https://github.com/RxSwiftCommunity/RxGesture, - RxSwift reactive wrapper for view gestures
ios,reactive-programming,https://github.com/RxSwiftCommunity/NSObject-Rx," - Handy RxSwift extensions on NSObject, including rx_disposeBag."
ios,reactive-programming,https://github.com/RxSwiftCommunity/RxCoreData, - RxSwift extensions for Core Data
ios,reactive-programming,https://github.com/inamiy/RxAutomaton," - RxSwift + State Machine, inspired by Redux and Elm."
ios,reactive-programming,https://github.com/Wolox/ReactiveArray, - An array class implemented in Swift that can be observed using ReactiveCocoa's Signals.
ios,reactive-programming,https://github.com/JensRavens/Interstellar, - Simple and lightweight Functional Reactive Coding in Swift for the rest of us.
ios,reactive-programming,https://github.com/lsunsi/ReduxSwift, - Predictable state container for Swift apps too.
ios,reactive-programming,https://github.com/hyperoslo/Aftermath, - Stateless message-driven micro-framework in Swift.
ios,reactive-programming,https://github.com/RxSwiftCommunity/RxKeyboard, - Reactive Keyboard in iOS.
ios,reactive-programming,https://github.com/Jasonette/JASONETTE-iOS, - Native App over HTTP. Create your own native iOS app with nothing but JSON.
ios,reactive-programming,https://github.com/ReactiveCocoa/ReactiveSwift, - Streams of values over time by ReactiveCocoa group
ios,reactive-programming,https://github.com/msaps/Listenable, - Swift object that provides an observable platform.
ios,reactive-programming,https://github.com/ReactorSwift/Reactor, - :arrows_counterclockwise: Unidirectional Data Flow using idiomatic Swiftâ€”inspired by Elm and Redux .
ios,reactive-programming,https://github.com/UrbanCompass/Snail, - An observables framework for Swift
ios,reactive-programming,https://github.com/fjcaetano/RxWebSocket, - Reactive extension over Starscream for websockets
ios,reactive-programming,https://github.com/AckeeCZ/ACKReactiveExtensions, - Useful extensions for ReactiveCocoa
ios,reactive-programming,https://github.com/AckeeCZ/ReactiveLocation, - CoreLocation made reactive
ios,reactive-programming,https://github.com/blendle/Hanson," - Lightweight observations and bindings in Swift, with support for KVO and NotificationCenter."
ios,reactive-programming,https://github.com/roberthein/Observable, - The easiest way to observe values in Swift.
ios,reactive-programming,https://github.com/jaychang0917/SimpleApiClient-ios, - A configurable api client based on Alamofire4 and RxSwift4 for iOS.
ios,reactive-programming,https://github.com/ra1028/VueFlux, - Unidirectional Data Flow State Management Architecture for Swift - Inspired by Vuex and Flux
ios,reactive-programming,https://github.com/RxSwiftCommunity/RxAnimated, - Animated RxCocoa bindings
ios,reactive-programming,https://github.com/electricbolt/bindkit, - Two-way data binding framework for iOS. Only one API to learn.
ios,reactive-programming,https://github.com/stdevteam/STDevRxExt, - STDevRxExt contains some extension functions for RxSwift and RxCocoa which makes our live easy.
ios,reactive-programming,https://github.com/RxSwiftCommunity/RxReduce, - Lightweight framework that ease the implementation of a state container pattern in a Reactive Programming compliant way.
ios,reactive-programming,https://github.com/quickbirdstudios/RxCoordinator, - Reactive navigation library for iOS based on the coordinator pattern
ios,reactive-programming,https://github.com/Daltron/RxAlamoRecord, Combines the power of the AlamoRecord and RxSwift libraries to create a networking layer that makes interacting with API's easier than ever reactively.
ios,reflection,https://github.com/Zewo/Reflection, - Reflection provides an API for advanced reflection at runtime including dynamic construction of types.
ios,reflection,https://github.com/CharlinFeng/Reflect," - Reflection, Dict2Model, Model2Dict, Archive"
ios,reflection,https://github.com/evermeer/EVReflection," - Reflection based JSON encoding and decoding. Including support for NSDictionary, NSCoding, Printable, Hashable and Equatable"
ios,reflection,https://github.com/johnlui/JSONNeverDie," - Auto reflection tool from JSON to Model, user friendly JSON encoder / decoder, aims to never die"
ios,reflection,https://github.com/bradhilton/SwiftKVC, - Key-Value Coding (KVC) for native Swift classes and structs
ios,reflection,https://github.com/wickwirew/Runtime," - A Swift Runtime library for viewing type info, and the dynamic getting and setting of properties."
ios,regex,https://github.com/sharplet/Regex, - A Swift Âµframework providing an NSRegularExpression-backed Regex type
ios,regex,https://github.com/kasei/SwiftRegex, - Perl-like Regex =~ operator for Swift
ios,regex,https://github.com/cezheng/PySwiftyRegex, - Easily deal with Regex in Swift in a Pythonic way
ios,regex,https://github.com/crossroadlabs/Regex, - Regular expressions for swift
ios,regex,https://github.com/brynbellomy/Regex, - Regex class for Swift. Wraps NSRegularExpression.
ios,security,https://github.com/orta/cocoapods-keys, - A key value store for storing environment and application keys.
ios,security,https://github.com/simple-machines/simple-touch, - Very simple swift wrapper for Biometric Authentication Services (Touch ID) on iOS.
ios,security,https://github.com/yankodimitrov/SwiftPasscodeLock, - An iOS passcode lock with TouchID authentication written in Swift.
ios,security,https://github.com/recruit-lifestyle/Smile-Lock, - A library for make a beautiful Passcode Lock View.
ios,security,https://github.com/dropbox/zxcvbn-ios, - A realistic password strength estimator.
ios,security,https://github.com/Techprimate/TPObfuscatedString, - Simple String obfuscation using core Swift.
ios,security,https://github.com/rolandleth/LTHPasscodeViewController," - An iOS passcode lockscreen replica (from Settings), with TouchID and simple (variable length) / complex support."
ios,security,https://github.com/karek314/iOS-App-Security-Class," - Simple class to check if iOS app has been cracked, being debugged or enriched with custom dylib and as well detect jailbroken environment."
ios,security,https://github.com/vasilenkoigor/BiometricAuth, - Simple framework for biometric authentication (via TouchID) in your application
ios,security,https://github.com/siavashalipour/SAPinViewController," - Simple and easy to use default iOS PIN screen. This simple library allows you to draw a fully customisable PIN screen same as the iOS default PIN view. My inspiration to create this library was form THPinViewController, however SAPinViewController is completely implemented in Swift. Also the main purpose of creating this library was to have simple, easy to use and fully customisable PIN screen."
ios,security,https://github.com/voiceittech/VoiceItAPI1IosSDK," - A super easy way to add Voice Authentication(Biometrics) to your iOS apps, conveniently usable via cocoapods"
ios,security,https://github.com/timoliver/TOPasscodeViewController, - A modal passcode input and validation view controller for iOS
ios,security,https://github.com/rushisangani/BiometricAuthentication, - Use Apple FaceID or TouchID authentication in your app using BiometricAuthentication
ios,security,https://github.com/kolesa-team/ios_pinCodeTextField," - A customizable verification code textField for phone verification codes, passwords etc."
ios,security,https://github.com/umbri/Vault, - Simple and Secure container for passwords and other sensitive data
ios,security,https://github.com/VirgilSecurity/virgil-sdk-pfs-x, - An SDK that allows developers to add the Perfect Forward Secrecy (PFS) technologies to their digital solutions to protect previously intercepted traffic from being decrypted even if the main Private Key is compromised.
ios,security,https://github.com/VirgilSecurity/sdk-x, - An SDK which allows developers to add full end-to-end security to their existing digital solutions to become HIPAA and GDPR compliant and more using Virgil API.
ios,text,https://github.com/twitter/twitter-text, - An Objective-C implementation of Twitter's text processing library.
ios,text,https://github.com/jverkoey/nimbus, - Nimbus is a toolkit for experienced iOS software designers.
ios,text,https://github.com/diy/nsstringemojize, - A category on NSString to convert Emoji Cheat Sheet codes to their equivalent Unicode characters.
ios,text,https://github.com/mdiep/MMMarkdown, - An Objective-C static library for converting Markdown to HTML.
ios,text,https://github.com/Cocoanetics/DTCoreText, - Methods to allow using HTML code with CoreText.
ios,text,https://github.com/Cocoanetics/DTRichTextEditor, - A rich-text editor for iOS.
ios,text,https://github.com/neerajbaid/NBEmojiSearchView, - A searchable emoji dropdown view.
ios,text,https://github.com/joshualat/Pluralize.swift, - Great Swift String Pluralize Extension
ios,text,https://github.com/cjwirth/RichEditorView," - RichEditorView is a simple, modular, drop-in UIView subclass for Rich Text Editing."
ios,text,https://github.com/danthorpe/Money, - Swift value types for working with money & currency
ios,text,https://github.com/marmelroy/PhoneNumberKit," - A Swift framework for parsing, formatting and validating international phone numbers. Inspired by Google's libphonenumber."
ios,text,https://github.com/ibireme/YYText, - Powerful text framework for iOS to display and edit rich text.
ios,text,https://github.com/marmelroy/Format, - A Swift Formatter Kit.
ios,text,https://github.com/zats/Tribute, - Programmatic creation of NSAttributedString doesn't have to be a pain
ios,text,https://github.com/dasmer/EmojiKit, - Effortless emoji-querying in Swift
ios,text,https://github.com/nvzqz/Roman, - Seamless Roman numeral conversion in Swift.
ios,text,https://github.com/nnhubbard/ZSSRichTextEditor, - A beautiful rich text WYSIWYG editor for iOS with a syntax highlighted source view.
ios,text,https://github.com/Cee/pangu.objective-c, - Paranoid text spacing in Objective-C.
ios,text,https://github.com/amayne/SwiftString," - A comprehensive, lightweight string extension for Swift"
ios,text,https://github.com/macteo/Marklight, - Markdown syntax highlighter for iOS
ios,text,https://github.com/indragiek/MarkdownTextView, - Rich Markdown editing control for iOS
ios,text,https://github.com/delba/TextAttributes, - An easier way to compose attributed strings. [e]
ios,text,https://github.com/fdzsergio/Reductio, - Automatic summarizer text in Swift
ios,text,https://github.com/SwiftStudies/SmarkDown, - A Pure Swift implementation of the markdown mark-up language
ios,text,https://github.com/SimonFairbairn/SwiftyMarkdown, - Converts Markdown files and strings into NSAttributedString
ios,text,https://github.com/szweier/SZMentions, - Library to help handle mentions
ios,text,https://github.com/szweier/SZMentionsSwift, - Library to help handle mentions.
ios,text,https://github.com/henrinormak/Heimdall, - Heimdall is a wrapper around the Security framework for simple encryption/decryption operations.
ios,text,https://github.com/T-Pham/NoOptionalInterpolation," - Get rid of ""Optional(...)"" and ""nil"" in string interpolation. Easy pluralization.[e]"
ios,text,https://github.com/onmyway133/Smile, ðŸ˜„ Emoji in Swift
ios,text,https://github.com/onmyway133/iso8601, Super lightweight ISO8601 Date Formatter in Swift [e]
ios,text,https://github.com/Ekhoo/Translucid, - Lightweight library to set an Image as text background. Written in swift.
ios,text,https://github.com/mattt/FormatterKit, - 
ios,text,https://github.com/Raizlabs/BonMot," - Beautiful, easy attributed strings in Swift"
ios,text,https://github.com/gkaimakas/SwiftValidators, - String validation for iOS developed in Swift. Inspired by 
ios,text,https://github.com/kazuhiro4949/StringStylizer, - Type strict builder class for NSAttributedString.
ios,text,https://github.com/eddiekaiger/SwiftyAttributes, - Swift extensions that make it a breeze to work with attributed strings.
ios,text,https://github.com/bmoliveira/MarkdownKit, - A simple and customizable Markdown Parser for Swift.
ios,text,https://github.com/indragiek/CocoaMarkdown, - Markdown parsing and rendering for iOS and macOS.
ios,text,https://github.com/loiclec/Apodimark," - Fast, flexible markdown parser written in Swift."
ios,text,https://github.com/ruddfawcett/Notepad, - A fully themeable markdown editor with live syntax highlighting.
ios,text,https://github.com/krizhanovskii/KKStringValidator, - Fast and simple string validation for iOS. With UITextField extension.
ios,text,https://github.com/Cosmo/ISO8859," - ðŸ“„âš™ Convert ISO8859 1-16 Encoded Text to String in Swift. Supports iOS, tvOS, watchOS and macOS."
ios,text,https://github.com/xoudini/emojica," - Replace standard emoji in strings with a custom emoji set, such as "
ios,text,https://github.com/malcommac/SwiftRichString, - Elegant & Painless Attributed Strings Management Library in Swift.
ios,text,https://github.com/iziz/libPhoneNumber-iOS, - iOS port from libphonenumber (Google's phone number handling library).
ios,text,https://github.com/evermeer/AttributedTextView, - Easiest way to create an attributed UITextView with support for multiple links (including hashtags and mentions).
ios,text,https://github.com/dimpiax/StyleDecorator, - Design string simply by linking attributes to needed parts
ios,text,https://github.com/mathewsanders/Mustard, - Mustard is a Swift library for tokenizing strings when splitting by whitespace doesn't cut it.
ios,text,https://github.com/RedMadRobot/input-mask-ios," - Pattern-based user input formatter, parser and validator for iOS."
ios,text,https://github.com/Nirma/Attributed, - Modern Swift Âµframework for attributed strings.
ios,text,https://github.com/psharanda/Atributika," - Easily build NSAttributedString by detecting and styling HTML-like tags, hashtags, mentions, RegExp or NSDataDetector patterns."
ios,text,https://github.com/ArtSabintsev/Guitar, - A Cross-Platform String Library Written in Swift.
ios,text,https://github.com/kaiomedau/realtime-currency-formatter-objc, - An ObjC international currency formatting utility.
ios,text,https://github.com/iwasrobbed/Down," - Blazing fast Markdown rendering in Swift, built upon cmark."
ios,text,https://github.com/m2mobi/Marky-Mark, - Highly customizable Markdown parsing and native rendering in Swift.
ios,text,https://github.com/keitaoouchi/MarkdownView, - Markdown View for iOS.
ios,text,https://github.com/younatics/Highlighter," - Highlight whatever you want! Highlighter will magically find UI objects such as UILabel, UITextView, UITexTfield, UIButton in your UITableViewCell or other Class."
ios,text,https://github.com/nicklockwood/Sprinter, - A library for formatting strings on iOS and macOS
ios,text,https://github.com/raspu/Highlightr," - An iOS & macOS syntax highlighter, supports 176 languages and comes with 79 styles."
ios,text,https://github.com/krisk/fuse-swift," - A lightweight fuzzy-search library, with zero dependencies."
ios,text,https://github.com/EyreFree/EFMarkdown, - A lightweight Markdown library for iOS.
ios,text,https://github.com/jkalash/croc, - A lightweight Swift library for Emoji parsing and querying.
ios,ui,https://github.com/Grouper/FlatUIKit, - A collection of awesome flat UI components for iOS.
ios,ui,https://github.com/erichoracek/Motif, - A lightweight and customizable JSON stylesheet framework for iOS.
ios,ui,https://github.com/TextureGroup/Texture, - Smooth asynchronous user interfaces for iOS apps.
ios,ui,https://github.com/skywinder/GaugeKit, - Customizable gauges. Easy reproduce Apple's style gauges.
ios,ui,https://github.com/marty-suzuki/SAHistoryNavigationViewController," - SAHistoryNavigationViewController realizes iOS task manager like UI in UINavigationContoller,3D Touch Compatible."
ios,ui,https://github.com/nicklockwood/iCarousel," - A simple, highly customisable, data-driven 3D carousel for iOS and Mac OS."
ios,ui,https://github.com/devinross/tapkulibrary," - tap + haiku = tapku, a well crafted open source iOS framework."
ios,ui,https://github.com/kciter/HorizontalDial, - A horizontal scroll dial like Instagram.
ios,ui,https://componentkit.org/," - A React-Inspired View Framework for iOS, by Facebook."
ios,ui,https://github.com/cwRichardKim/RKNotificationHub, - Make any UIView a full fledged notification center.
ios,ui,https://github.com/hughbe/phone-number-picker, - A simple and easy to use view controller enabling you to enter a phone number with a country code similar to WhatsApp written in Swift
ios,ui,https://github.com/recruit-mtl/EXTView, - Extended UIView for Interface Builder by using IB_DESIGNABLE and IBInspectable.
ios,ui,https://github.com/Boris-Em/BEMCheckBox#sample-app, - Tasteful Checkbox for iOS. (Check box)
ios,ui,https://github.com/DroidsOnRoids/MPParallaxView, - Apple TV Parallax effect in Swift.
ios,ui,https://github.com/yannickl/Splitflap, - A simple split-flap display for your Swift applications
ios,ui,https://github.com/goktugyil/EZSwipeController, - :point_up_2: UIPageViewController like Snapchat/Tinder/iOS Main Pages
ios,ui,https://github.com/devinross/curry, - Curry is a framework built to enhance and compliment Foundation and UIKit.
ios,ui,https://github.com/hyperoslo/Pages, - :page_facing_up: UIPageViewController made simple
ios,ui,https://github.com/Karumi/BothamUI, - Model View Presenter Framework written in Swift.
ios,ui,https://github.com/collinhundley/APCustomBlurView, - A subclass of UIVisualEffectView with customizable blur radius.
ios,ui,https://github.com/antiguab/BAFluidView, - UIView that simulates a 2D view of a fluid in motion
ios,ui,https://github.com/wongzigii/WZDraggableSwitchHeaderView, - :hammer: Showing status for switching between viewControllers
ios,ui,https://github.com/SergioChan/SCTrelloNavigation, - :clipboard: An iOS native implementation of a Trello Animated Navagation.
ios,ui,https://github.com/Cleveroad/CRParticleEffect, - A CocoaPod that simplifies creation of the particle effects.
ios,ui,https://github.com/hyperoslo/Spots, - Spots is a view controller framework that makes your setup and future development blazingly fast.
ios,ui,https://github.com/Alterplay/APAddressBook, - Easy access to iOS address book
ios,ui,https://github.com/Azuritul/AZExpandableIconListView, - An expandable/collapsible view component written in Swift.
ios,ui,https://github.com/thinkclay/FlourishUI, - A highly configurable and out-of-the-box-pretty UI library
ios,ui,https://github.com/Ramotion/navigation-stack, - Navigation Stack is a stack-modeled navigation controller.
ios,ui,https://github.com/andreamazz/UIView-draggable, - UIView category that adds dragging capabilities.
ios,ui,https://github.com/marmelroy/PeekPop, - Backwards-compatible Peek and Pop.
ios,ui,https://github.com/ipraba/EPSignature, - Signature component for iOS in Swift
ios,ui,https://github.com/nevyn/CoreDragon,"  - [iOS] Stop using context menus. Drag and drop instead, even between apps!"
ios,ui,https://github.com/evermeer/EVFaceTracker, - Calculate the distance and angle of your device with regards to your face.
ios,ui,https://github.com/vadymmarkov/Fashion, - Fashion accessories and beauty tools to share and reuse UI styles in a Swifty way.
ios,ui,https://github.com/wangshengjia/LeeGo," - Declarative, configurable & highly reusable UI development as making Lego bricks."
ios,ui,https://github.com/manuelescrig/MEVHorizontalContacts, - An iOS UICollectionViewLayout subclass to show a list of contacts with configurable expandable menu items.
ios,ui,https://github.com/RamonGilabert/Ripple, - Remember there's no such thing as a small act of kindness. Every act creates a ripple with no logical end.
ios,ui,https://github.com/kronik/ScalePicker, - Generic scale and a handy float-value picker for any iOS app.
ios,ui,https://github.com/efremidze/VisualEffectView, - UIVisualEffectView subclass with tint color.
ios,ui,https://github.com/PureSwift/Cacao, - Pure Swift Cross-platform UIKit (Cocoa Touch) implementation (Supports Linux)
ios,ui,https://github.com/sahandnayebaziz/StateView, - Views that automatically update themselves.
ios,ui,https://github.com/calimarkus/JDFlipNumberView, - Representing analog flip numbers like airport/trainstation displays.
ios,ui,https://github.com/instant-solutions/ISTimeline, - Simple timeline view written in Swift 2.2
ios,ui,https://github.com/atljeremy/JFCardSelectionViewController, - A fancy collection style view controller
ios,ui,https://github.com/agordeev/DCKit," - Set of iOS controls, which have useful IBInspectable properties. Written on Swift."
ios,ui,https://github.com/Guzlan/BackgroundVideoiOS, - A swift and objective-C object that lets you add a background video to iOS views.
ios,ui,https://github.com/Draveness/NightNight, - Elegant way to integrate night mode to swift projects
ios,ui,https://github.com/jiecao-fm/SwiftTheme, - Powerful theme/skin manager for iOS 7+
ios,ui,https://github.com/forkingdog/FDStackView, - Use UIStackView directly in iOS6+
ios,ui,https://github.com/yahoo/YangMingShan, - YangMingShan is a collection of iOS UI components that we created while building Yahoo apps.
ios,ui,https://github.com/tombenner/nui," - Style iOS apps with a stylesheet, similar to CSS"
ios,ui,http://www.redbeard.io/," - It's a complete framework that takes away much of the pain of getting a beautiful, powerful iOS App crafted."
ios,ui,https://github.com/CosmicMind/Material, - Material is an animation and graphics framework that allows developers to easily create beautiful applications.
ios,ui,https://github.com/qmathe/DistancePicker," - Custom control to select a distance with a pan gesture, written in Swift."
ios,ui,https://github.com/nsomar/OAStackView, - OAStackView tries to port back the stackview to iOS 7+. OAStackView aims at replicating all the features in UIStackView.
ios,ui,https://github.com/146BC/StyleKit, - StyleKit is a microframework that enables you to style your applications using a simple JSON file.
ios,ui,https://github.com/hirohisa/PageController," - Infinite paging controller, scrolling through contents and title bar scrolls with a delay."
ios,ui,https://github.com/mariohahn/StatusProvider," - Protocol to handle initial Loadings, Empty Views and Error Handling in a ViewController & views"
ios,ui,https://github.com/scamps88/ASBubbleDrag, - round icon drag control (made in swift) dock style
ios,ui,https://github.com/bridger/StackLayout, - An alternative to UIStackView for common Auto Layout patterns.
ios,ui,https://github.com/Boris-Em/NightView, - Dazzling Nights on iOS.
ios,ui,https://github.com/dingwilson/SwiftVideoBackground, - Easy to Use UIView subclass for implementing a video background
ios,ui,https://github.com/mrigdon/MRArticleViewController, - Easily create UIViewControllers for news articles similar to those in the News app.
ios,ui,https://github.com/OrRon/ConfettiView, - Confetti View lets you create a magnificent confetti view in your app
ios,ui,https://github.com/BohdanOrlov/BouncyPageViewController, - Page view controller with bounce effect
ios,ui,https://github.com/rolandleth/LTHRadioButton, - A radio button with a pretty fill animation.
ios,ui,https://github.com/Cleveroad/CRRulerControl, - Customizable component is aimed at turning a simple ruler into a handy and smart instrument.
ios,ui,https://github.com/exyte/Macaw-Examples, - Various usages of the Macaw library.
ios,ui,https://github.com/yannickl/Reactions, - Fully customizable Facebook reactions control
ios,ui,https://github.com/dhirajjadhao/Newly, - Newly is a drop in solution to add Twitter/Facebook/Linkedin-style new updates/tweets/posts available button
ios,ui,https://github.com/jobandtalent/CardStackController, - iOS custom controller used in Jobandtalent app to present new view controllers as cards
ios,ui,https://github.com/material-components/material-components-ios, - Google developed UI components that help developers execute Material Design.
ios,ui,https://github.com/farshidce/RKMultiUnitRuler/, - Simple customizable ruler control that supports multiple units.
ios,ui,https://github.com/mukeshthawani/FAQView, - An easy to use FAQ view for iOS written in Swift.
ios,ui,https://github.com/Cleveroad/CRPageViewController," - While a standard page view allows you to navigate between pages by using simple gestures, our component goes further."
ios,ui,https://github.com/oxozle/OXPatternLock, - An iOS pattern lock like Android authentication written in Swift.
ios,ui,https://github.com/lucamozza/LMArticleViewController, - UIViewController subclass to beautifully present news articles and blog posts
ios,ui,https://github.com/WenchaoD/FSPagerView, - FSPagerView is an elegant Screen Slide Library. It is extremely helpful for making Bannerã€Product Showã€Welcome/Guide Pagesã€Screen/ViewController Sliders.
ios,ui,https://github.com/louisdh/panelkit, - A UI framework that enables panels on iOS.
ios,ui,https://github.com/Ramotion/elongation-preview, - ElongationPreview is an elegant push-pop style view controller with 3D-Touch support and gestures.
ios,ui,https://github.com/uias/Pageboy," - A simple, highly informative page view controller."
ios,ui,https://github.com/iGenius-Srl/IGColorPicker, - ðŸŽ¨ A customizable color picker for iOS in Swift
ios,ui,https://github.com/khuong291/KPActionSheet," -  A replacement of default action sheet, but has very simple usage."
ios,ui,https://github.com/D-32/SegmentedProgressBar, - Snapchat / Instagram Stories style animated indicator
ios,ui,https://github.com/efremidze/Magnetic, - SpriteKit Floating Bubble Picker (inspired by Apple Music).
ios,ui,https://github.com/GlebRadchenko/AmazingBubbles, - Apple Music like Bubble Picker using Dynamic Animation.
ios,ui,https://github.com/efremidze/Haptica, - Easy Haptic Feedback Generator.
ios,ui,https://github.com/saeid/GDCheckbox," - An easy to use custom checkbox/radio button component for iOS, with support of IBDesign Inspector."
ios,ui,https://github.com/Howardw3/HamsterUIKit, - A simple and elegant UIKit(Chart) for iOS.
ios,ui,https://github.com/Minitour/AZEmptyState, - A UIControl subclass that makes it easy to create empty states.
ios,ui,https://github.com/jegumhon/URWeatherView, - Show the weather effects onto view written in Swift3.
ios,ui,https://github.com/linhcn/LCUIComponents, - A framework supports creating transient views on top of other content onscreen such as popover with a data list.
ios,ui,https://github.com/Sajjon/ViewComposer, - 
ios,ui,https://github.com/yonat/BatteryView, - Simple battery shaped UIView.
ios,ui,https://github.com/PierrePerrin/ShadowView, - Make shadows management easy on UIView
ios,ui,https://github.com/52inc/Pulley, - A library to imitate the iOS 10 Maps UI
ios,ui,https://github.com/n8iveapps/N8iveKit, - A set of frameworks making iOS development more fun.
ios,ui,https://github.com/wordlessj/Panda, - Create view hierarchies declaratively.
ios,ui,https://github.com/HarshilShah/NotchKit, - A simple way to hide the notch on the iPhone X
ios,ui,https://github.com/TintPoint/Overlay, - Overlay is a flexible UI framework designed for Swift. It allows you to write CSS like Swift code.
ios,ui,https://github.com/haoking/SwiftyUI," - High performance and lightweight(one class each UI) UIView, UIImage, UIImageView, UIlabel, UIButton, Promise and more."
ios,ui,https://github.com/AFathi/NotchToolkit, - A framework for iOS that allow developers use the iPhone X notch in creative ways.
ios,ui,https://github.com/MarioIannotta/PullUpController, - Pull up controller with multiple sticky points like in iOS Maps.
ios,ui,https://github.com/Babylonpartners/DrawerKit, - DrawerKit lets an UIViewController modally present another UIViewController in a manner similar to the way Apple's Maps app works.
ios,ui,https://github.com/aaronjsutton/Shades," - Easily add drop shadows, borders, and round corners to a UIView."
ios,ui,https://github.com/Interactive-Studio/ISPageControl, - A page control similar to that used in Instagram.
ios,ui,https://github.com/oney/Mixin, - React.js like Mixin. More powerful Protocol-Oriented Programming.
ios,ui,https://github.com/efremidze/Shiny, - Iridescent Effect View (inspired by Apple Pay Cash).
ios,ui,https://github.com/seedco/StackViewController, - A controller that uses a UIStackView and view controller composition to display content in a list
ios,ui,https://github.com/uber/UberSignature, - Provides an iOS view controller allowing a user to draw their signature with their finger in a realistic style.
ios,ui,https://github.com/startry/SwViewCapture, - A nice iOS View Capture Swift Library which can capture all content.
ios,ui,https://github.com/HamzaGhazouani/HGRippleRadarView," - A beautiful radar view to show nearby items (users, restaurants, ...) with ripple animation, fully customizable"
ios,ui,https://github.com/saeid/GDGauge," - Full Customizable, Beautiful, Easy to use gauge view Edit. ðŸ”¶"
ios,ui,https://github.com/Stunner/STAControls, - Handy UIControl subclasses. (Think Three20/NimbusKit of UIControls.) Written in Objective-C.
ios,utility,https://github.com/robb/Underscore.m, - A DSL for Data Manipulation.
ios,utility,https://github.com/tumblr/XExtensionItem, - Easier sharing of structured data between iOS applications and share extensions.
ios,utility,https://github.com/fastred/ReflectableEnum, - Reflection for enumerations in Objective-C.
ios,utility,https://github.com/supermarin/ObjectiveSugar, - ObjectiveC additions for humans. Ruby style.
ios,utility,https://github.com/leoschweizer/OpinionatedC, - Because Objective-C should have inherited more from Smalltalk.
ios,utility,https://github.com/thellimist/SwiftRandom, - Generator for random data.
ios,utility,https://github.com/nvzqz/RandomKit/, - Random data generation in Swift.
ios,utility,https://github.com/mxcl/YOLOKit, - Getting square objects down round holes.
ios,utility,https://github.com/goktugyil/EZSwiftExtensions, - :smirk: How Swift standard types and classes were supposed to work. [e]
ios,utility,https://github.com/nickoneill/Pantry, - The missing light persistence layer for Swift
ios,utility,https://github.com/davedufresne/SwiftParsec, - A parser combinator library written in the Swift programming language.
ios,utility,https://github.com/Weebly/OrderedSet," - A Swift collection of unique, ordered objects"
ios,utility,https://github.com/SwiftKitz/Datez, - Swift library for dealing with 
ios,utility,https://github.com/FabrizioBrancati/BFKit, - An Objective-C collection of useful classes to develop Apps faster.
ios,utility,https://github.com/FabrizioBrancati/BFKit-Swift, - A Swift collection of useful classes to develop Apps faster.
ios,utility,https://github.com/onmyway133/scale, - Unit converter in Swift (available via CocoaPods)
ios,utility,https://github.com/cconeil/Standard-Template-Protocols, - Protocols for your every day iOS needs
ios,utility,https://github.com/JonFir/TimeLord, - Easy DateTime (NSDate) management in Swift
ios,utility,https://github.com/eure/AppVersionMonitor, - Monitor iOS app version easily.
ios,utility,https://github.com/hyperoslo/Sugar, - Something sweet that goes great with your Cocoa. [e]
ios,utility,https://github.com/devxoul/Then, - âœ¨ Super sweet syntactic sugar for Swift initializers. [e]
ios,utility,https://github.com/Cocoanetics/Kvitto, - App Store Receipt Validation
ios,utility,https://github.com/SwiftKitz/Notificationz, - Helping you own NSNotificationCenter in Swift
ios,utility,https://github.com/PureSwift/SwiftFoundation," - Cross-Platform, Protocol-Oriented Programming base library to complement the Swift Standard Library. (Pure Swift, Supports Linux) [e]"
ios,utility,https://github.com/jspahrsummers/libextobjc, - A Cocoa library to extend the Objective-C programming language.
ios,utility,https://github.com/tbaranes/VersionTrackerSwift, - Track which versions of your app a user has previously installed.
ios,utility,https://github.com/InderKumarRathore/DeviceGuru/," - DeviceGuru is a simple lib (Swift) to know the exact type of the device, e.g. iPhone 6 or iPhone 6s."
ios,utility,https://github.com/tadija/AEAppVersion, - Simple and Lightweight App Version Tracking for iOS written in Swift
ios,utility,https://github.com/BlocksKit/BlocksKit, - The Objective-C block utilities you always wish you had.
ios,utility,https://github.com/tbaranes/swiftyutils, - All the reusable code that we need in each project. [e]
ios,utility,https://github.com/soffes/RateLimit, - Simple utility for only executing code every so often.
ios,utility,https://github.com/phatblat/Outlets, - Utility functions for validating IBOutlet and IBAction connections
ios,utility,https://github.com/JARMourato/EasyAbout, - A way to easily add CocoaPods licenses and App Version to your iOS App using the Settings Bundle
ios,utility,https://github.com/Ben-G/Validated, - A Swift Î¼-Library for Somewhat Dependent Types
ios,utility,https://github.com/ankurp/Cent, - Extensions for Swift Standard Types and Classes
ios,utility,https://github.com/anatoliyv/AssistantKit," - Easy way to detect iOS device properties, OS versions and work with screen sizes. Powered by Swift."
ios,utility,https://github.com/LeonardoCardoso/SwiftLinkPreview," - It makes a preview from an url, grabbing all the information such as title, relevant texts and images."
ios,utility,https://github.com/rollmind/BundleInfos, - Simple getter for Bundle informations. like short version from bundle.
ios,utility,https://github.com/mirek/YAML.framework, - Proper YAML support for Objective-C based on 
ios,utility,https://github.com/exyte/ReadabilityKit," - Metadata extractor for news, articles and full-texts in Swift."
ios,utility,https://github.com/appculture/MissionControl-iOS," - Super powerful remote config utility written in Swift (iOS, watchOS, tvOS, macOS)"
ios,utility,https://github.com/Khan/SwiftTweaks, - Tweak your iOS app without recompiling!
ios,utility,https://github.com/caloon/UnsupportedOSVersionAlert, - Alerts users with a popup if they use an app with an unsupported version of iOS (e.g. iOS betas)
ios,utility,https://github.com/dsmatter/SwiftSortUtils, - This library takes a shot at making sorting in Swift more pleasant. It also allows you to reuse your old NSSortDescriptor instances in Swift.
ios,utility,https://github.com/icanzilb/Retry, - Haven't you wished for 
ios,utility,https://github.com/marmelroy/ObjectiveKit, - Swift-friendly API for Objective C runtime functions.
ios,utility,https://github.com/devxoul/MoyaSugar, -  Syntactic sugar for Moya.
ios,utility,https://github.com/SwifterSwift/SwifterSwift, -  A handy collection of more than 400 native Swift 4 extensions to boost your productivity.
ios,utility,https://github.com/Raizlabs/Eject, - An eject button for Interface Builder to generate swift code.
ios,utility,https://github.com/abdullahselek/ContactsWrapper, - Easy to use wrapper for both contacts and contacts group with Objective-C.
ios,utility,https://github.com/eBardX/XestiMonitors, - An extensible monitoring framework written in Swift
ios,utility,https://github.com/floriangbh/OpenSourceController, - The simplest way to display the libraries licences used in your application.
ios,utility,https://github.com/Stunner/App-Update-Tracker, - Easily detect and run code upon app installation or update.
ios,utility,https://github.com/4taras4/SwiftExtension, - Useful swift extensions in one place [e]
ios,utility,https://github.com/futuretap/InAppSettingsKit, - This iOS framework allows settings to be in-app in addition to or instead of being in the Settings app.
ios,utility,https://github.com/mutualmobile/MMWormhole, - Message passing between iOS apps and extensions.
ios,utility,https://github.com/jessesquires/DefaultStringConvertible, - A default CustomStringConvertible implementation for Swift types [e]
ios,utility,https://github.com/marty-suzuki/FluxCapacitor, - FluxCapacitor makes implementing Flux design pattern easily with protocols and typealias.
ios,utility,https://github.com/vtourraine/VTAcknowledgementsViewController, - Ready to use â€œAcknowledgementsâ€/â€œLicensesâ€/â€œCreditsâ€ view controller for CocoaPods.
ios,utility,https://github.com/vhesener/Closures, - Swifty closures for UIKit and Foundation.
ios,utility,https://github.com/BalestraPatrick/WhatsNew," - Showcase new features after an app update similar to Pages, Numbers and Keynote"
ios,utility,https://github.com/michalkonturek/MKUnits, - Unit conversion library for Swift.
ios,utility,https://github.com/takasek/ActionClosurable, - Extensions which helps to convert objc-style target/action to swifty closures
ios,utility,https://github.com/holzschu/ios_system, - Drop-in replacement for system() in iOS programs
ios,utility,https://github.com/Sherlouk/SwiftProvisioningProfile, - Parse provisioning profiles into Swift models.
ios,utility,https://github.com/jianstm/Once, - Minimalist library to manage one-off operations.
ios,vr,https://github.com/Aralekk/VR_Toolkit_iOS, - A sample project that provides the basics to create an interactive VR experience on iOS
ios,vr,https://github.com/hanton/HTY360Player," - A open source, ad-free, native and universal 360 degree panorama video player for iOS."
ios,vr,https://github.com/Aralekk/simple360player_iOS, - Free & ad-free 360 VR Video Player. Flat or Stereoscopic. In Swift 2.
ios,vr,https://github.com/abdullahselek/Swifty360Player, - iOS 360-degree video player streaming from an AVPlayer with Swift.
ios,walkthrough---intro---tutorial,https://github.com/mamaral/Onboard, - Easily create a beautiful and engaging onboarding experience with only a few lines of code.
ios,walkthrough---intro---tutorial,https://github.com/ealeksandrov/EAIntroView, - Highly customizable drop-in solution for introduction views.
ios,walkthrough---intro---tutorial,https://github.com/MatthewYork/MYBlurIntroductionView, - A super-charged version of MYIntroductionView for building custom app introductions and tutorials.
ios,walkthrough---intro---tutorial,https://github.com/ariok/BWWalkthrough, - A class to build custom walkthroughs for your iOS App.
ios,walkthrough---intro---tutorial,https://github.com/GnosisHub/GHWalkThrough, - A UICollectionView backed drop-in component for introduction views.
ios,walkthrough---intro---tutorial,https://github.com/icepat/ICETutorial, - A nice tutorial like the one introduced in the Path 3.X App.
ios,walkthrough---intro---tutorial,https://github.com/IFTTT/JazzHands," - Jazz Hands is a simple keyframe-based animation framework for UIKit. Animations can be controlled via gestures, scroll views, KVO, or ReactiveCocoa."
ios,walkthrough---intro---tutorial,https://github.com/IFTTT/RazzleDazzle," - A simple keyframe-based animation framework for iOS, written in Swift. Perfect for scrolling app intros."
ios,walkthrough---intro---tutorial,https://github.com/ephread/Instructions, - Easily add customizable coach marks into you iOS project.
ios,walkthrough---intro---tutorial,https://github.com/ruipfcosta/SwiftyWalkthrough," - The easiest way to create a great walkthrough experience in your apps, powered by Swift."
ios,walkthrough---intro---tutorial,https://github.com/yukiasai/Gecco, - Spotlight view for iOS.
ios,walkthrough---intro---tutorial,https://github.com/svtek/VideoSplashKit, - VideoSplashKit - UIViewController library for creating easy intro pages with background videos
ios,walkthrough---intro---tutorial,https://github.com/hyperoslo/Presentation," - Presentation helps you to make tutorials, release notes and animated pages."
ios,walkthrough---intro---tutorial,https://github.com/andreamazz/AMPopTip," - An animated popover that pops out a given frame, great for subtle UI tips and onboarding."
ios,walkthrough---intro---tutorial,https://github.com/PhilippeBoisney/AlertOnboarding, - A simple and handsome AlertView for onboard your users in your amazing world.
ios,walkthrough---intro---tutorial,https://github.com/teodorpatras/EasyTipView, - Fully customisable tooltip view in Swift.
ios,walkthrough---intro---tutorial,https://github.com/Ramotion/paper-onboarding, - PaperOnboarding is a material design slider
ios,walkthrough---intro---tutorial,https://github.com/anatoliyv/InfoView, - Swift based simple information view with pointed arrow.
ios,walkthrough---intro---tutorial,https://github.com/nbolatov/Intro," - An iOS framework to easily create simple animated walkthrough, written in Swift."
ios,walkthrough---intro---tutorial,https://github.com/aleksandrshoshiashvili/AwesomeSpotlightView, - Tool to create awesome tutorials or educate user to use application. Or just highlight something on screen. Written in Swift.
ios,walkthrough---intro---tutorial,https://github.com/juanpablofernandez/SwiftyOnboard, - A simple way to add onboarding to your project.
ios,walkthrough---intro---tutorial,https://github.com/praagyajoshi/WVWalkthroughView, - Utility to easily create walkthroughs to help with user onboarding.
ios,walkthrough---intro---tutorial,https://github.com/saeid/SwiftyGuideOverlay, - Easy and quick way to show intro / instructions over app UI without any additional images in real-time!.
ios,walkthrough---intro---tutorial,https://github.com/chaser79/SwiftyOnboardVC, - Lightweight walkthrough controller thats uses view controllers as its subviews making the customization endless.
ios,walkthrough---intro---tutorial,https://github.com/vpeschenkov/PVOnboardKit, - Framework that allows you to add your own walkthrough/intro/tutorial into your app.
ios,walkthrough---intro---tutorial,https://github.com/yukiasai/Minamo, - Simple coach mark library written in Swift.
ios,walkthrough---intro---tutorial,https://github.com/aromajoin/material-showcase-ios, - An elegant and beautiful showcase for iOS apps.
ios,walkthrough---intro---tutorial,https://github.com/SvenTiigi/WhatsNewKit, - Showcase your awesome new app features ðŸ“±
ios,walkthrough---intro---tutorial,https://github.com/NikolaKirev/OnboardKit, - Customisable user onboarding for your iOS app
ios,websocket,https://github.com/facebook/SocketRocket, - A conforming Objective-C WebSocket client library.
ios,websocket,https://github.com/socketio/socket.io-client-swift, - Socket.IO-client for iOS/macOS.
ios,websocket,https://github.com/tidwall/SwiftWebSocket," - High performance WebSocket client library for Swift, iOS and macOS."
ios,websocket,https://github.com/daltoniam/Starscream, - Websockets in swift for iOS and macOS
ios,websocket,https://github.com/swiftsocket/SwiftSocket, - simple socket library for apple swift lang.
ios,websocket,https://github.com/vapor-community/sockets," - Pure-Swift Sockets: TCP, UDP; Client, Server; Linux, macOS"
ios,websocket,https://github.com/Balancingrock/SwifterSockets, - A collection of socket utilities in Swift for OS-X and iOS
ios,websocket,https://github.com/danielrhodes/Swift-ActionCableClient, - ActionCable is a new WebSocket server being released with Rails 5 which makes it easy to add real-time features to your app.
ios,websocket,https://github.com/GlebRadchenko/DNWebSocket," - Object-Oriented, Swift-style WebSocket Library (RFC 6455) for Swift-compatible Platforms."
ios,project-setup,https://github.com/krzysztofzablocki/crafter," - CLI that allows you to configure iOS project's template using custom DSL syntax, simple to use and quite powerful."
ios,project-setup,https://github.com/liftoffcli/liftoff, - Another CLI for creating iOS projects.
ios,project-setup,https://github.com/crushlovely/Amaro, - iOS Boilerplate full of delights.
ios,project-setup,https://github.com/orta/chairs, - Swap around your iOS Simulator Documents
ios,project-setup,https://github.com/JohnSundell/SwiftPlate, - Easily generate cross platform Swift framework projects from the command line.
ios,project-setup,https://github.com/tuist/xcodeproj, - Read and update Xcode projects.
ios,project-setup,https://github.com/tuist/tuist," - A tool to create, maintain and interact with Xcode projects at scale."
ios,dependency---package-manager,https://cocoapods.org/, - CocoaPods is the dependency manager for Objective-C projects. It has thousands of libraries and can help you scale your projects elegantly.
ios,dependency---package-manager,http://sap-production.github.io/xcode-maven-plugin/site/, - The Xcode Maven Plugin can be used in order to run Xcode builds embedded in a Maven lifecycle.
ios,dependency---package-manager,https://github.com/Carthage/Carthage," - A simple, decentralized dependency manager for Cocoa."
ios,dependency---package-manager,https://github.com/jankuca/swm, - A package/dependency manager for Swift projects similar to npm (node.js package manager) or bower (browser package manager from Twitter). Does not require the use of Xcode.
ios,dependency---package-manager,https://github.com/devxoul/CocoaSeeds, - Git Submodule Alternative for Cocoa.
ios,dependency---package-manager,https://github.com/apple/swift-package-manager, - The Package Manager for the Swift Programming Language
ios,dependency---package-manager,https://github.com/schwa/punic, - Clean room reimplementation of Carthage tool
ios,dependency---package-manager,https://github.com/blender/Rome, - A cache tool for Carthage built frameworks
ios,dependency---package-manager,https://github.com/yunarta/works-athena-gradle-plugin," - Gradle Plugin to enhance Carthage by uploading the archived frameworks into Maven repository, currently support only Bintray, Artifactory and Mavel local."
ios,tools,https://github.com/kaandedeoglu/Shark, - Swift Script that transforms the .xcassets folder into a type safe enum.
ios,tools,https://github.com/paulsamuels/SBConstants, - Generate a constants file by grabbing identifiers from storyboards in a project.
ios,tools,https://github.com/mac-cain13/R.swift," - Tool to get strong typed, autocompleted resources like images, cells and segues in your Swift project."
ios,tools,https://github.com/SwiftGen/SwiftGen," - A collection of Swift tools to generate Swift code (enums for your assets, storyboards, Localizable.strings and UIColors)."
ios,tools,https://github.com/jondot/blade," - Generate Xcode image catalogs for iOS / macOS app icons, universal images, and more."
ios,tools,https://github.com/terwanerik/Retini," - A super simple retina (2x, 3x) image converter."
ios,tools,https://github.com/realm/jazzy, - Soulful docs for Swift & Objective-C.
ios,tools,https://github.com/tomaz/appledoc, - ObjectiveC code Apple style documentation set generator.
ios,tools,https://github.com/JiriTrecak/Laurine, - Laurine - Localization code generator written in Swift. Sweet!
ios,tools,https://github.com/marcinolawski/StoryboardMerge, - Xcode storyboards diff and merge tool.
ios,tools,https://github.com/metasmile/ai2appiconset, - Creating AppIcon sets from Adobe Illustrator (all supported formats).
ios,tools,https://github.com/daisuke0131/ViewMonitor, - ViewMonitor can measure view positions with accuracy.
ios,tools,https://github.com/ijoshsmith/abandoned-strings, - Command line program that detects unused resource strings in an iOS or macOS application.
ios,tools,https://github.com/kylef/swiftenv," - swiftenv allows you to easily install, and switch between multiple versions of Swift."
ios,tools,https://github.com/tasanobu/Misen, - Script to support easily using Xcode Asset Catalog in Swift. [e]
ios,tools,https://github.com/metasmile/git-xcp, - A Git plugin for versioning workflow of real-world Xcode project. fastlane's best friend.
ios,tools,https://github.com/tapwork/WatchdogInspector, - Shows your current framerate (fps) in the status bar of your iOS app
ios,tools,https://github.com/dealforest/Cichlid, - automatically delete the current project's DerivedData directories
ios,tools,https://github.com/thoughtbot/Delta, - Managing state is hard. Delta aims to make it simple.
ios,tools,https://github.com/ypresto/SwiftLintXcode, - An Xcode plug-in to format your code using SwiftLint.
ios,tools,https://github.com/dzenbot/XCSwiftr, - An Xcode Plugin to convert Objective-C to Swift
ios,tools,https://github.com/johncsnyder/SwiftKitten," - Swift autocompleter for Sublime Text, via the adorable SourceKitten framework"
ios,tools,https://github.com/Karumi/Kin, - Have you ever found yourself undoing a merge due to a broken Xcode build? Then Kin is your tool. It will parse your project configuration file and detect errors.
ios,tools,https://github.com/angelvasa/AVXCAssets-Generator, - AVXCAssets Generator takes path for your assets images and creates appiconset and imageset for you in just one click
ios,tools,https://github.com/shaps80/Peek, - Take a Peek at your application.
ios,tools,https://github.com/jpsim/SourceKitten, - An adorable little framework and command line tool for interacting with SourceKit.
ios,tools,https://github.com/athiercelin/localizations, - macOS app that manages localizations of Xcode projects.
ios,tools,https://github.com/facebook/xcbuild, - Xcode-compatible build tool.
ios,tools,https://github.com/doubleencore/XcodeIssueGenerator, - An executable that can be placed in a Run Script Build Phase that marks comments like // TODO: or // SERIOUS: as warnings or errors so they display in the Xcode Issue Navigator.
ios,tools,https://github.com/tumblr/SwiftCompilationPerformanceReporter, - Generate automated reports for slow Swift compilation paths in specific targets
ios,tools,https://github.com/RobertGummesson/BuildTimeAnalyzer-for-Xcode, - Build Time Analyzer for Swift
ios,tools,https://github.com/SwiftStudies/Duration, - A simple Swift package for measuring and reporting the time taken for operations
ios,tools,https://github.com/WorldDownTown/Benchmark, - The Benchmarkâ² module provides methods to measure and report the time used to execute Swift code.
ios,tools,https://github.com/MatiBot/MBAssetsImporter, - Import assets from Panoramio or from your macOS file system with their metadata to your iOS simulator (Swift 2.0)
ios,tools,https://github.com/realm/realm-browser-osx, - Realm Browser is a macOS utility to open and modify realm database files.
ios,tools,https://github.com/square/SuperDelegate, â€“ SuperDelegate provides a clean application delegate interface and protects you from bugs in the application lifecycle.
ios,tools,https://github.com/KrauseFx/fastlane-plugin-appicon, - Generate required icon sizes and iconset from a master application icon.
ios,tools,https://github.com/facebook/infer," - A static analyzer for Java, C and Objective-C."
ios,tools,https://github.com/marcboquet/PlayNow, - Small app that creates empty Swift playground files and opens them with Xcode.
ios,tools,https://github.com/johnno1962/Xtrace, - Trace Objective-C method calls by class or instance
ios,tools,https://github.com/xcenv/xcenv, - Groom your Xcode environment.
ios,tools,https://github.com/playgroundbooks/playgroundbook, - Tool for Swift Playground books
ios,tools,https://github.com/xmartlabs/Ecno, - Ecno is a task state manager built on top of UserDefaults in pure Swift 3.
ios,tools,https://github.com/toshi0383/ipanema, - ipanema analyzes and prints useful information from 
ios,tools,https://github.com/plu/pxctest, - Parallel XCTest - Execute XCTest suites in parallel on multiple iOS Simulators.
ios,tools,https://swift.sandbox.bluemix.net, - The IBM Swift Sandbox is an interactive website that lets you write Swift code and execute it in a server environment â€“ on top of Linux!
ios,tools,https://github.com/facebook/FBSimulatorControl, - A macOS library for managing and manipulating iOS Simulators
ios,tools,https://nomad-cli.com," - Suite of command line utilities & libraries for sending APNs, create & distribute "
ios,tools,https://github.com/RahulKatariya/SwiftFrameworkTemplate," - A template for new Swift iOS / tvOS / watchOS / macOS Framework project ready with travis-ci, cocoapods, Carthage, SwiftPM and a Readme file"
ios,tools,https://github.com/krzysztofzablocki/Sourcery," - A tool that brings meta-programming to Swift, allowing you to code generate Swift code."
ios,tools,https://github.com/freshOS/AssetChecker, - Keeps your Assets.xcassets files clean and emits warnings when something is suspicious.
ios,tools,https://github.com/insidegui/PlayAlways, - Create Xcode playgrounds from your menu bar
ios,tools,https://github.com/dani-gavrilov/GDPerformanceView-Swift," - Shows FPS, CPU usage, app and iOS versions above the status bar and report FPS and CPU usage via delegate."
ios,tools,https://github.com/krzysztofzablocki/Traits, - Library for a real-time design and behavior modification of native iOS apps without recompiling (code and interface builder changes are supported).
ios,tools,https://www.get-struct.tools, - A tool for iOS and Mac developers to automate the creation and management of Xcode projects.
ios,tools,https://github.com/yukiasai/Nori, - Easier to apply code based style guide to storyboard.
ios,tools,https://github.com/attaswift/Attabench, - Microbenchmarking app for Swift with nice log-log plots
ios,tools,https://github.com/wilbertliu/Gluten, - Nano library to unify XIB and it's code.
ios,tools,https://github.com/mono0926/LicensePlist, - A license list generator of all your dependencies for iOS applications.
ios,tools,https://github.com/yahoo/AppDevKit, - AppDevKit is an iOS development library that provides developers with useful features to fulfill their everyday iOS app development needs.
ios,tools,https://github.com/facebook/Tweaks," - An easy way to fine-tune, and adjust parameters for iOS apps in development."
ios,tools,https://github.com/onevcat/FengNiao, - A command line tool for cleaning unused resources in Xcode.
ios,tools,https://github.com/krzysztofzablocki/LifetimeTracker, - Find retain cycles / memory leaks sooner.
ios,tools,https://github.com/pinterest/plank, - A tool for generating immutable model objects.
ios,tools,https://github.com/airbnb/Lona," - A tool for defining design systems and using them to generate cross-platform UI code, Sketch files, images, and other artifacts."
ios,tools,https://github.com/yonaskolb/XcodeGen, - Command line tool that generates your Xcode project from a spec file and your folder structure.
ios,tools,https://github.com/wigl/iSimulator," - iSimulator is a GUI utility to control the Simulator, and manage the app installed on the simulator."
ios,tools,https://github.com/krzyzanowskim/Natalie, - Storyboard Code Generator.
ios,tools,https://github.com/andresinaka/transformer, - Easy Online Attributed String Creator. This tool lets you format a string directly in the browser and then copy/paste the attributed string code into your app.
ios,tools,https://github.com/ealeksandrov/ProvisionQL, - Quick Look plugin for apps and provisioning profile files.
ios,tools,https://github.com/novemberfiveco/xib2Storyboard, - A tool to convert Xcode .xib to .storyboard files.
ios,tools,https://github.com/Zolang/Zolang," - A programming language for sharing logic between iOS, Android and Tools."
ios,rapid-development,https://github.com/krzysztofzablocki/Playgrounds, - Playgrounds for Objective-C for extremely fast prototyping / learning.
ios,rapid-development,https://github.com/mutualmobile/MMBarricade, - Runtime configurable local server for iOS apps.
ios,rapid-development,http://www.sensiblecocoa.com, - Native visual iOS development.
ios,rapid-development,https://github.com/dimpiax/swiftmon, - swiftmon restarts your swift application in case of any file change.
ios,injection,https://github.com/DyCI/dyci-main, - Code injection tool.
ios,injection,https://github.com/johnno1962/injectionforxcode, - Code injection including Swift.
ios,injection,https://github.com/Swinject/Swinject, - Dependency injection framework for Swift
ios,injection,https://github.com/appfoundry/Reliant, - Nonintrusive Objective-C dependency injection.
ios,injection,https://github.com/sabirvirtuoso/Kraken, - A Dependency Injection Container for Swift with easy-to-use syntax.
ios,injection,https://github.com/square/Cleanse, - Lightweight Swift Dependency Injection Framework by Square.
ios,injection,https://github.com/appsquickly/Typhoon, - Powerful dependency injection (Objective-C & Swift).
ios,injection,https://github.com/thoughtbot/Perform, - Easy dependency injection for storyboard segues.
ios,injection,https://github.com/drekka/Alchemic," - Advanced, yet simple to use DI framework for Objective-C."
ios,injection,https://github.com/prosumma/Guise," - An elegant, flexible, type-safe dependency resolution framework for Swift"
ios,injection,https://github.com/scribd/Weaver," - A declarative, easy-to-use and safe Dependency Injection framework for Swift"
ios,injection,https://github.com/hiro-nagami/StoryboardBuilder, - Simple dependency injection for generating views from storyboard.
ios,injection,https://github.com/zenangst/Vaccine, - Vaccine is a framework that aims to make your apps immune to recompile-decease.
ios,injection,https://github.com/ladeiko/ViperServices, - Dependency injection container for iOS applications written in Swift. Each service can have boot and shutdown code.
ios,injection,https://github.com/ivlevAstef/DITranquillity, - Dependency injection framework for iOS applications written in clean Swift.
ios,deployment---distribution,https://github.com/fastlane/fastlane, - Connect all iOS deployment tools into one streamlined workflow.
ios,deployment---distribution,https://github.com/fastlane/fastlane/tree/master/deliver," - Upload screenshots, metadata and your app to the App Store using a single command."
ios,deployment---distribution,https://github.com/fastlane/fastlane/tree/master/snapshot, Automate taking localized screenshots of your iOS app on every device.
ios,deployment---distribution,https://www.buddybuild.com/," - A mobile iteration platform - build, deploy, and collaborate."
ios,deployment---distribution,https://www.bitrise.io," Mobile Continuous Integration & Delivery with dozens of integrations to build, test, deploy and collaborate."
ios,deployment---distribution,https://github.com/fastlane/watchbuild, - Get a notification once your iTunes Connect build is finished processing.
ios,deployment---distribution,https://try.crashlytics.com/, - A crash reporting and beta testing service.
ios,deployment---distribution,https://developer.apple.com/testflight/, - The beta testing service hosted on iTunes Connect (requires iOS 8 or later).
ios,deployment---distribution,https://www.hockeyapp.net," - With HockeyApp, you can distribute beta versions of your app, collect live crash reports, get feedback from users, and analyze test coverage."
ios,deployment---distribution,https://github.com/fastlane/boarding, - Instantly create a simple signup page for TestFlight beta testers.
ios,deployment---distribution,https://github.com/bitstadium/HockeyKit, - A software update kit.
ios,deployment---distribution,https://rollout.io/," - SDK to patch, fix bugs, modify and manipulate native apps (Obj-c & Swift) in real-time."
ios,deployment---distribution,https://theapplaunchpad.com/, - Free App Store screenshot builder.
ios,deployment---distribution,https://github.com/LaunchKit/LaunchKit," - A set of web-based tools for mobile app developers, now open source!"
ios,deployment---distribution,https://instabug.com," - In-app feedback, Bug and Crash reporting, Fix Bugs Faster through user-steps, video recordings, screen annotation, network requests logging."
ios,deployment---distribution,https://github.com/electricbolt/appfiguratesdk," - Secure runtime configuration for iOS and watchOS, apps and app extensions."
ios,deployment---distribution,https://github.com/IdeasOnCanvas/ScreenshotFramer, - With Screenshot Framer you can easily create nice-looking and localized App Store Images.
ios,app-store,http://appreviewtimes.com, This site tracks the average App Store review times for both the iOS and the Mac App Store using data crowdsourced from iOS and Mac developers.
ios,app-store,https://developer.apple.com/app-store/review/rejections/,  Highlighted some of the most common issues that cause apps to get rejected.
ios,app-store,https://www.mobileaction.co, Lets you track your App Store visibility in terms of keywords and competitors.
ios,app-store,https://github.com/oisin/app-release-checklist/blob/master/checklist.md," - A checklist to pore over before you ship that amazing app that has taken ages to complete, but you don't want to rush out in case you commit a schoolboy error that will end up making you look dumber than you are."
ios,app-store,https://github.com/ArtSabintsev/Harpy," - Notify users when a new version of your iOS app is available, and prompt them with the App Store link."
ios,app-store,https://github.com/nicklockwood/iRate," - A handy class that prompts users of your iPhone or Mac App Store app to rate your application after using it for a while. Similar to Appirater, but with a simpler, cleaner interface and automatic support for iOS fast application switching."
ios,app-store,https://github.com/arashpayan/appirater, - A utility that reminds your iPhone app's users to review the app.
ios,app-store,https://github.com/ArtSabintsev/Siren, - Notify users when a new version of your app is available and prompt them to upgrade.
ios,app-store,https://github.com/aashishtamsya/Appstore-Review-Guidelines, - A curated list of points which a developer has to keep in mind before submitting his/her application on appstore for review.
ios,reference,https://github.com/iwasrobbed/Swift-CheatSheet," - A quick reference cheat sheet for common, high level topics in Swift."
ios,reference,https://github.com/iwasrobbed/Objective-C-CheatSheet," - A quick reference cheat sheet for common, high level topics in Objective-C."
ios,reference,https://github.com/hyperoslo/SwiftSnippets, - A collection of Swift snippets to be used in Xcode
ios,reference,https://github.com/whitef0x0/app-store-checklist, - A checklist of what to look for before submitting your app to the App Store.
ios,reference,https://github.com/ole/whats-new-in-swift-4, - An Xcode playground showcasing the new features in Swift 4.0.
ios,reference,https://github.com/erenkabakci/WWDC17-Recap, - Markdown collection repo for the sessions at WWDC17.
ios,style-guides,https://github.com/NYTimes/objective-c-style-guide, - The Objective-C Style Guide used by The New York Times.
ios,style-guides,https://github.com/raywenderlich/objective-c-style-guide, - A style guide that outlines the coding conventions for raywenderlich.com.
ios,style-guides,https://github.com/github/objective-c-style-guide, - Style guide & coding conventions for Objective-C projects.
ios,style-guides,https://gist.github.com/soffes/812796, - Gist with coding conventions.
ios,style-guides,https://github.com/raywenderlich/swift-style-guide, - The official Swift style guide for raywenderlich.com.
ios,style-guides,https://github.com/spotify/ios-style, - Guidelines for iOS development in use at Spotify.
ios,style-guides,https://github.com/github/swift-style-guide, - A guide to our Swift style and conventions by @github.
ios,style-guides,https://github.com/futurice/ios-good-practices, - iOS starting guide and good practices suggestions by 
ios,style-guides,https://github.com/SlideShareInc/swift-style-guide/blob/master/swift_style_guide.md, - SlideShare Swift Style Guide we are using for our upcoming iOS 8 only app written in Swift
ios,style-guides,https://github.com/prolificinteractive/swift-style-guide, - A style guide for Swift.
ios,podcasts,https://www.raywenderlich.com/podcast,
ios,podcasts,https://www.imore.com/debug,
ios,podcasts,http://www.appstorypodcast.com,
ios,podcasts,https://mobilecouch.co/,
ios,podcasts,https://devchat.tv/iphreaks/,
ios,podcasts,https://www.relay.fm/radar,
ios,podcasts,http://coreint.org/,
ios,podcasts,http://www.swiftplayhouse.com/,
ios,podcasts,https://releasenotes.tv/,
ios,podcasts,http://mtjc.fm/,
ios,podcasts,https://spec.fm/podcasts/runtime,
ios,podcasts,http://consultpodcast.com/,
ios,podcasts,https://spec.fm/podcasts/swift-unwrapped,
ios,podcasts,https://itunes.apple.com/us/podcast/fireside-swift/id1269435221?mt=2,
ios,podcasts,https://www.swiftbysundell.com/podcast/,
ios,books,https://itunes.apple.com/us/book/swift-programming-language/id881256329?mt=11,
ios,books,https://www.bignerdranch.com/books/ios-programming/,
ios,books,https://www.amazon.com/Programming-Objective-C-6th-Developers-Library/dp/0321967607,
ios,books,https://www.mikeash.com/book.html,
ios,books,https://www.amazon.com/Core-Data-iOS-Data-Driven-Applications/dp/0321670426,
ios,books,https://www.amazon.com/Cocoa-Design-Patterns-Erik-Buck/dp/0321535022,
ios,books,https://www.manning.com/books/hello-swift,
ios,books,https://www.manning.com/books/ios-development-with-swift,
ios,books,https://www.manning.com/books/anyone-can-create-an-app,
ios,books,https://www.objc.io/books/advanced-swift/,
ios,books,https://www.objc.io/books/functional-swift/,
ios,books,https://www.objc.io/books/core-data/,
ios,books,https://www.manning.com/books/classic-computer-science-problems-in-swift,
ios,books,https://www.manning.com/books/swift-in-depth,
ios,contributing-and-license,https://github.com/vsouza/awesome-ios/blob/master/.github/CONTRIBUTING.md,
