macOS,audio,http://www.rogueamoeba.com/audiohijack/," - Record audio from any application like iTunes, Skype or Safari, or from hardware devices like microphones and mixers."
macOS,audio,https://github.com/kyleneideck/BackgroundMusic," - Record system audio, control audio levels for individual apps, and automatically pauses your music player when other audio starts playing and unpauses it afterwards. "
macOS,audio,https://coppertino.com/vox/mac, - Play numerous lossy and lossless audio formats.
macOS,audio,http://tmkk.undo.jp/xld/index_e.html," - Rip/Decode/convert/play various ""lossless"" audio files. "
macOS,backup,https://www.arqbackup.com/," - Encrypted backups to Amazon, Dropbox, Google, OneDrive, etc."
macOS,backup,http://bombich.com, - Create incremental and fully bootable backups of your Mac to external storage.
macOS,chat-clients,https://github.com/stonesam92/ChitChat, - A native Mac app wrapper for WhatsApp Web. 
macOS,chat-clients,https://itunes.apple.com/us/app/telegram/id747648890?mt=12," - A messaging app with a focus on speed and security, it’s super fast, simple and free. "
macOS,chat-clients,https://www.codeux.com/textual/, - An Internet Relay Chat (IRC) client. 
macOS,data-recovery,https://www.prosofteng.com/datarescue-mac-data-recovery/, - Comprehensive and professional data recovery for a multitude of scenarios.
macOS,data-recovery,http://www.alsoft.com/DiskWarrior/, - Recover from filesystem corruptions when Disk Utility is out of options.
macOS,developers,http://anvilformac.com/, - Serve up static sites and Rack apps with simple URLs and zero configuration. 
macOS,developers,http://menial.co.uk/base/, - A GUI for managing SQLite databases.
macOS,developers,https://www.cakebrew.com/, - The Homebrew GUI App. 
macOS,developers,https://mmattozzi.github.io/cocoa-rest-client, - An app for testing REST endpoints. 
macOS,developers,https://kapeli.com/dash, - An API Documentation Browser and Code Snippet Manager.
macOS,developers,https://flawlessapp.io/, - macOS tool for visual quality check of mobile app right inside iOS simulator.
macOS,developers,https://github.com/2ndalpha/gasmask, - A simple hosts file manager which allows editing of host files and switching between them. 
macOS,developers,https://github.com/Shikkic/gitbar, - Open source github contribution stats on your Menu Bar. 
macOS,developers,https://desktop.github.com/, - A GUI for using GitHub. 
macOS,developers,http://gitup.co/, - A simple but powerful Git macOS app. 
macOS,developers,https://rowanj.github.io/gitx/," - A fork (variant) of GitX, maintained and enhanced with productivity oriented changes.  "
macOS,developers,https://github.com/specialunderwear/Hosts.prefpane, - Edit hosts file. 
macOS,developers,https://pngmini.com/, - Apply lossy compression on PNG files with or without transparency for more efficient files. 
macOS,developers,https://imageoptim.com/mac, - Makes images take up less disk space and load faster. 
macOS,developers,http://peacockmedia.software/mac/integrity/free.html, - Easily find your website's broken links. 
macOS,developers,http://www.kaleidoscopeapp.com/," - Powerful diff and merge application supporting text, images, and folders."
macOS,developers,https://github.com/KnuffApp/Knuff, - The debug application for Apple Push Notification Service (APNs). 
macOS,developers,https://luckymarmot.com/paw, - The ultimate REST client.
macOS,developers,https://github.com/kizitonwose/PodsUpdater, - A macOS app which helps you manage dependency releases in your Podfile. 
macOS,developers,https://eggerapps.at/postico/, - A modern PostgreSQL client.
macOS,developers,http://postgresapp.com/, - The easiest way to get started with PostgreSQL. 
macOS,developers,http://www.psequel.com/, - A PostgreSQL GUI tool. 
macOS,developers,https://github.com/goktugyil/QorumLogs, - Swift Logging Utility for Xcode & Google Docs. 
macOS,developers,http://happenapps.com/#quiver," - A delightful notebook for programmers that allows mixing rich text, code, markdown, LaTeX, and graphs."
macOS,developers,http://www.sequelpro.com/, - A MySQL database manager. 
macOS,developers,http://theolabrothers.com/, - A simple color picker for developers.
macOS,developers,https://www.renfei.org/snippets-lab/, - Manage and organise snippets of code.
macOS,developers,https://www.sourcetreeapp.com/, - A free Git & Mercurial client. 
macOS,developers,https://objectivec2swift.com/#/xcode-extension/, - Objective-C to Swift code converter and Xcode & Finder extensions.
macOS,developers,https://github.com/sindresorhus/touch-bar-simulator, - The macOS Touch Bar Simulator as a standalone app. 
macOS,developers,https://www.git-tower.com/, - The most powerful Git client.
macOS,developers,https://ptsochantaris.github.io/trailer/, - Configurable menubar Git notifications with accompanying native iOS app. 
macOS,developers,https://jeffhodnett.github.io/Unused/, - An app for checking Xcode projects for unused resources. 
macOS,developers,http://vagrantmanager.com, - Manage your vagrant machines in one place with Vagrant Manager for macOS. 
macOS,developers,http://versionsapp.com/, - SVN GUI client for Mac.
macOS,developers,https://github.com/insidegui/WWDC, - The WWDC app. 
macOS,e-book-utilities,http://www.amazon.com/gp/help/customer/display.html?nodeId=201246110, - Amazon Kindle App for macOS.
macOS,editors,https://coteditor.com, - Lightweight plain-text editor for macOS. 
macOS,editors,https://www.emacswiki.org/emacs/EmacsForMacOS, - Port of Emacs to work as an macOS app. 
macOS,editors,https://github.com/macvim-dev/macvim," - Vim, the text editor. "
macOS,editors,http://www.sublimetext.com/, - The sophisticated text editor.
macOS,editors,https://macromates.com/, - A graphical text editor. 
macOS,editors,http://vimr.org," - Vim, refined. "
macOS,email-utilities,http://airmailapp.com/, - Lightning fast email client designed for El Capitan.
macOS,email-utilities,https://freron.com/," - Advanced IMAP email client, featuring extensive keyboard control and Markdown support."
macOS,email-utilities,https://mailplaneapp.com/," - A tightly integreted client for Google Mail, Inbox, Calender, and Contacts."
macOS,finder,https://itunes.apple.com/us/app/forklift-file-manager-ftp/id412448059, - File Manager and FTP/SFTP/WebDAV/Amazon S3 client.
macOS,finder,http://www.cocoatech.com/pathfinder/, - A powerful dual-pane browser alternative to Finder.
macOS,finder,https://github.com/sindresorhus/quick-look-plugins, - List of extra quicklook plugins to enable previewing more filetypes in the Finder.
macOS,finder,http://totalfinder.binaryage.com/, - A powerful alternative to Finder.
macOS,finder,https://www.trankynam.com/xtrafinder/, - Adds useful features to Finder. 
macOS,games,http://www.wesnoth.org/," - Turn-based tactical strategy game, featuring both single-player and online multiplayer combat. "
macOS,games,http://boxerapp.com/, - The DOS game emulator that’s fit for your Mac. 
macOS,games,https://dolphin-emu.org," - A powerful, Open Source emulator for Nintendo GameCube and Wii games. "
macOS,games,http://openemu.org/, - Multiple Video Game System. 
macOS,games,http://aaronrandall.com/blog/screentendo/, - Turn your screen into a playable level of Mario. 
macOS,games,http://stockfishchess.org/mac/," - Beautiful, powerful chess application. "
macOS,graphics,https://secure.flyingmeat.com/acorn/, - A very Mac-like image editor with a comprehensive feature set.
macOS,graphics,https://affinity.serif.com/en-us/designer/," - Vector image design tool, possible Adobe Illustrator alternative."
macOS,graphics,https://affinity.serif.com/en-us/photo/," - Raster image design tool, possible Adobe Photoshop alternative."
macOS,graphics,https://github.com/onmyway133/GifCapture, - Record GIF screencasts. 
macOS,graphics,https://itunes.apple.com/us/app/giphy-capture.-the-gif-maker/id668208984, - Capture and share GIFs on the desktop. 
macOS,graphics,http://www.img2icnsapp.com, - Create and personalize icons from your pictures. 
macOS,graphics,https://macsvg.org/," - Design and edit SVG content for web, mobile, and animation. "
macOS,graphics,https://www.omnigroup.com/omnigraffle," - An app for creating precise, beautiful graphics."
macOS,graphics,http://www.pixelmator.com/mac/," - Powerful image editor, possible Photoshop alternative."
macOS,graphics,http://www.sketchapp.com/," - Hybrid vector/bitmap layout application, especially useful for UI, web and mobile design."
macOS,graphics,http://sketchtoolbox.com/, - A super simple plugin manager for Sketch. 
macOS,graphics,http://xscopeapp.com/," - Tools for measuring, inspecting and testing on-screen graphics and layouts."
macOS,news-readers,https://hackermenu.io/, - Hacker News Delivered to Desktop. 
macOS,news-readers,http://readkitapp.com/," - Have all your Instapaper, Pocket, etc. feeds in one place even when you're offline."
macOS,news-readers,http://reederapp.com/mac/," - News reader that integrates with with Feedbin, Feedly, and other popular services."
macOS,news-readers,http://viennarss.github.io/, - RSS/Atom newsreader. 
macOS,productivity,https://www.alfredapp.com/, - Boosts your efficiency and productivity.
macOS,productivity,https://www.boastr.net/, - Configure gestures for mouse and actions for keyboard shortcuts.
macOS,productivity,http://www.clipmenu.com/, - ClipBoard History Manager. 
macOS,productivity,http://www.thinkbitz.com/cloudclip/, - Sync your clipboard between your Mac and your iOS devices. 
macOS,productivity,https://aptonic.com/, - Create a popup grid of customizable actions that enhance productivity on your Mac.
macOS,productivity,https://justgetflux.com/, - Automatically adjust your computer screen to match lighting. 
macOS,productivity,https://flexibits.com/fantastical, - Complete Calendar app replacement which uses natural language for creating events.
macOS,productivity,https://www.noodlesoft.com/hazel.php, - Create rules to automatically keep your files organized.
macOS,productivity,https://hazeover.com/, - Turn distractions down and focus on your current task.
macOS,productivity,https://bahoom.com/hyperdock/, - Select individual application window.
macOS,productivity,https://insttranslate.com/mac, - Translate speech and text between 100+ languages from the menu bar.
macOS,productivity,https://pqrs.org/osx/karabiner/, - A powerful keyboard customizer. 
macOS,productivity,http://www.keyboardmaestro.com," - Automate routine actions based on triggers from keyboard, menu, location, added devices, and more."
macOS,productivity,http://keytty.com, - Enables you to control your mouse with a few key strokes. Mouse Keys Alternative.
macOS,productivity,https://www.obdev.at/products/launchbar/index.html," - Start applications, navigate folders, manipulate files, control your Mac and much more just by using the keyboard."
macOS,productivity,https://www.omnigroup.com/omnifocus," - An incredible task management platform for Mac, iPad, and iPhone."
macOS,productivity,https://www.omnigroup.com/omnioutliner/," - Perfect for collecting information, outlining ideas, adding structure to any sort of writing, and much more."
macOS,productivity,http://pasteapp.me, - The new way to copy & paste for Mac.
macOS,productivity,https://github.com/JulianKahnert/PDF-Archiver, - A nice tool for tagging and archiving tasks. 
macOS,productivity,http://pilotmoon.com/popclip/," - Instantly copy & paste, access actions like search, spelling, dictionary and more."
macOS,productivity,https://qotoqot.com/qbserve/," - Automatic time and project tracking, timesheets, invoicing, and real-time productivity feedback."
macOS,productivity,https://qsapp.com/, - Control your Mac quickly and elegantly. 
macOS,productivity,http://matthewpalmer.net/rocket/, - Makes typing emoji faster and easier using Slack-style shortcuts. 
macOS,productivity,https://selfcontrolapp.com/, - Block access to distracting websites. 
macOS,productivity,https://simplenote.com/, - Simple cross-platform note taking app with cloud-based syncing. 
macOS,productivity,https://www.taskpaper.com/, - Plain text to-do lists.
macOS,productivity,http://www.64characters.com/telephone/, - A SIP softphone. Make phone calls over the Internet or your company’s network. 
macOS,productivity,https://smilesoftware.com/textexpander, - Create custom keyboard shortcuts for frequently-used text and pictures.
macOS,productivity,https://timingapp.com/, - Automatic time and productivity tracking for Mac. Helps you stay on track with your work and ensures no billable hours get lost if you are billing hourly.
macOS,sharing-files,https://www.getcloudapp.com/, - Capture and share files and screenshots instantly.
macOS,sharing-files,https://itunes.apple.com/us/app/jumpshare/id889922906," - Real-time file sharing app with support for instantly sharing code / Markdown, annotating screenshots, screen recording, and voice recording. "
macOS,sharing-files,https://github.com/mileswd/mac2imgur, - Upload images and screenshots to Imgur. 
macOS,sharing-files,https://monosnap.com," - Annotate and upload images and screenshots, supports many backends like S3, SFTP, WebDAV, Dropbox, etc. "
macOS,sharing-files,https://www.transmissionbt.com/," - Simple, lightweight, multi-platform torrent client. "
macOS,terminal,https://www.iterm2.com/, - A terminal emulator. 
macOS,utilities,https://1password.com, - Password Manager and Secure Wallet.
macOS,utilities,https://github.com/tonsky/AnyBar, - A menubar status indicator. 
macOS,utilities,https://github.com/mancunianetz/APNGb, - .apng image assembler/disassembler app. 
macOS,utilities,http://freemacsoft.net/appcleaner/, - Uninstall your apps easily. 
macOS,utilities,http://arthur-osx.com/, - Safely optimize some of your Mac's hidden settings.
macOS,utilities,https://www.macbartender.com/, - Organize your menu bar apps.
macOS,utilities,http://www.ironstarmedia.co.uk/resources/osx-image-resizer/, - Resize a large number of images quickly on your computer. 
macOS,utilities,https://github.com/beardedspice/beardedspice, - Control web based media players with the media keys found on Mac keyboards. 
macOS,utilities,https://macitbetter.com/, - A very capable and full-featured archive manager.
macOS,utilities,https://github.com/matryer/bitbar, - Display output of any script to the menu bar. 
macOS,utilities,http://burn-osx.sourceforge.net/Pages/English/home.html," - No-nonsense burning of Data/Audio/Video CDs and DVDs, including copying. "
macOS,utilities,https://www.cheatsheetapp.com/CheatSheet/, - Know your short cuts. 
macOS,utilities,https://clickontyler.com/commandq/, - Never accidentally quit an app again.
macOS,utilities,http://www.controlplaneapp.com/, - Automate running tasks based on where you are or what you do. 
macOS,utilities,https://daisydiskapp.com/, - Analyze disk usage and free up disk space.
macOS,utilities,http://junecloud.com/software/mac/deliveries.html, - Beautiful and simple package tracking.
macOS,utilities,https://github.com/Eun/DisableMonitor, - Easily disable or enable a monitor on your Mac. 
macOS,utilities,http://etrecheck.com, - Output system information and configuration to get more informed help from Apple support professionals. 
macOS,utilities,http://fannywidget.com/, - Notification Center widget and menu bar application to monitor your Mac's fans and CPU temperature. 
macOS,utilities,https://johnste.github.io/finicky/, - App that allows you to set rules that decide which browser is opened for every link. 
macOS,utilities,http://fluidapp.com/, - Turn web applications into Mac applications.
macOS,utilities,https://gfx.io/, - Menu bar app to monitor and switch between integrated and discrete GPUs on MacBook Pro. 
macOS,utilities,http://heliumfloats.com/, - A floating browser window that allows you to watch media while you work. 
macOS,utilities,http://semaja2.net/projects/insomniaxinfo/, - Prevents macOS from automatically going to sleep (on lid closing or idle timeout). 
macOS,utilities,http://irvue.tumblr.com, - Thousands of stunning photos and wallpapers from Unsplash on your Mac. 
macOS,utilities,https://bjango.com/mac/istatmenus/, - An advanced system monitor for your menubar.
macOS,utilities,https://github.com/noraesae/kawa, - A better input source switcher with shortcuts. 
macOS,utilities,https://github.com/newmarcel/KeepingYouAwake, - Menu bar utility that prevents Mac from going to sleep. 
macOS,utilities,http://www.kekaosx.com/en/, - Compress to and extract from many archive file formats. 
macOS,utilities,http://www.knocktounlock.com, - Unlock your Mac quickly and securely. 
macOS,utilities,http://www.soma-zone.com/LaunchControl/," - Create, manage and debug launchd services. "
macOS,utilities,http://bonzaiapps.com, - See when apps are using your network in your Mac menubar. 
macOS,utilities,https://www.obdev.at/products/littlesnitch/index.html, - Protect your privacy.
macOS,utilities,http://macdown.uranusjr.com/, - Markdown editor. 
macOS,utilities,https://github.com/lra/mackup, - Keep your application settings in sync. 
macOS,utilities,https://macpass.github.io/, - Password Manager. 
macOS,utilities,http://media-converter.sourceforge.net/, - Simple (drag and drop) but advanced media conversion. 
macOS,utilities,https://github.com/nvzqz/Menubar-Colors, - Convenient access to the system color panel. 
macOS,utilities,http://member.ipmu.jp/yuji.tachikawa/MenuMetersElCapitan/," - A set of CPU, memory, disk, and network monitoring tools for macOS. "
macOS,utilities,http://monodraw.helftone.com/, - A powerful ASCII art editor.
macOS,utilities,http://enjoygineering.com/mounty/, - A tiny tool to re-mount write-protected NTFS volumes under macOS 10.9+ in read-write mode.
macOS,utilities,http://noiz.io/, - Ambient sound equalizer for relaxation or productivity.
macOS,utilities,http://notational.net/," - Store, retrieve and sync notes within a minimal GUI. "
macOS,utilities,https://noti.center/, - Receive Android notifications on your mac (with PushBullet). 
macOS,utilities,http://numi.io/, - Beautiful calculator app. 
macOS,utilities,http://www.titanium.free.fr/," -  Multifunction utility to verify disks and files, run cleaning and system maintenance tasks, configure hidden options and more. "
macOS,utilities,http://derailer.org/paparazzi/, - A small utility that makes screenshots of webpages. 
macOS,utilities,http://www.paragon-drivers.com/ntfs-mac/, - World fastest NTFS driver.
macOS,utilities,https://radiosilenceapp.com, - Simple to use firewall and network monitor.
macOS,utilities,https://itunes.apple.com/us/app/microsoft-remote-desktop/id715768417, - Remote Desktop Connection Client lets you connect from your Macintosh computer to a Windows-based computer.
macOS,utilities,http://ricks-apps.com/osx/sitesucker/, - Automatically download websites from the Internet.
macOS,utilities,https://github.com/fikovnik/ShiftIt, - Managing windows size and position. 
macOS,utilities,https://github.com/dteoh/SlowQuitApps, - Prevent accidental Cmd-Q. 
macOS,utilities,https://kishanbagaria.com/smartcapslock/," - Makes the Caps Lock key smarter, so that when the key accidentally gets activated and you START YELLING even though you don't want to, you can just select the yelling-text and press the key again to instantly fix its case instead of typing everything all over again."
macOS,utilities,http://www.acqualia.com/soulver/, - Beautiful expressive calculator.
macOS,utilities,https://codinn.com/products/ssh-tunnel/," - Manage your SSH tunnels, tightly integrated with macOS Keychain, secure and intuitive."
macOS,utilities,https://www.teamviewer.com/en-us/index.aspx, - Remotely control another computer.
macOS,utilities,http://www.richsomerfield.com/apps/, - TextBar is a tiny but powerful app that lets you add any text to your MenuBar.
macOS,utilities,http://mac.eltima.com/bluetooth-keyboard.html, - Lets you use your Mac's keyboard as a bluetooth keyboard to type on another devices.
macOS,utilities,http://www.typora.io/, - Another minimal Markdown editor. 
macOS,utilities,http://scripts.sil.org/cms/scripts/page.php?site_id=nrsi&id=ukelele, - Unicode Keyboard Layout Editor. 
macOS,utilities,http://tracesof.net/uebersicht/, - Run system commands and display their output on your desktop as widgets. 
macOS,utilities,https://theunarchiver.com/, - Unarchive many different kinds of archive files. 
macOS,utilities,http://wineskin.urgesoftware.com/tiki-index.php, - Run Windows applications and games on your Mac. 
macOS,video,https://handbrake.fr/, - High performance video encoding and conversion tools with a nice GUI. 
macOS,video,https://lhc70000.github.io/iina/, - Media player with a minimalist design. 
macOS,video,https://mpv.io/, - Media player. 
macOS,video,http://www.telestream.net/screenflow/, - Screencasting and video editing software.
macOS,video,https://bitbucket.org/galad87/subler/wiki/Home, - Mux and tag MP4 files. 
macOS,video,http://lucija.frkovic.me/Subtitlr/, - Drag and drop subititle download utility. 
macOS,window-management,http://ianyh.com/amethyst/, - Window manager (automatically keep windows sized in grids). 
macOS,window-management,http://mizage.com/divvy/, - Window management for tiling your windows.
macOS,window-management,http://www.hammerspoon.org/, - Extremely powerful scripting engine for macOS. 
macOS,window-management,https://koekeishiya.github.io/kwm/, - Tiling window manager with focus follows mouse. 
macOS,window-management,https://manytricks.com/moom/," - Move and zoom windows, super light weight and customizable."
macOS,window-management,https://github.com/kasper/phoenix, - A lightweight window and app manager scriptable with JavaScript. 
macOS,window-management,https://www.spectacleapp.com/, - Easily organize windows without using a mouse. 
macOS,window-management,https://cordlessdog.com/stay/, - Resize/position windows when displays change.
macOS,others,https://github.com/JohnCoates/Aerial, - Apple TV Aerial Screensaver for Mac. 
macOS,others,http://www.giorgiocalderolla.com/index.html#catch, - The easiest way to use ShowRSS. 
macOS,others,https://itunes.apple.com/us/app/clocker-menubar-world-clock/id1056643111?ls=1&mt=12, - Check time in multiple timezones from your Mac menubar. 
macOS,others,https://github.com/chenasraf/gInbox, - gInbox is a wrapper made for Mac around Inbox by Gmail. 
macOS,others,https://github.com/brianmichel/Juice, - Make your battery information a bit more interesting. 
macOS,others,https://github.com/sonoramac/Sonora," -  A minimal, beautifully designed music player. "
macOS,others,http://soundcleod.com/, - A browser for SoundCloud. 
macOS,others,https://bananafishsoftware.com/products/spillo/," - Powerful, beautiful and fast Pinboard client."
macOS,others,https://panic.com/transmit/, - A FTP client.
macOS,apple,https://discussions.apple.com/community/mac_os/os_x_yosemite,
macOS,irc-channels,https://webchat.freenode.net/?channels=macosx,
macOS,irc-channels,https://webchat.freenode.net/?channels=apple,
macOS,irc-channels,https://webchat.freenode.net/?channels=mac,
macOS,macrumors,http://forums.macrumors.com/forums/os-x-yosemite-10-10.171/,
macOS,macrumors,http://forums.macrumors.com/forums/os-x-el-capitan-10-11.184/,
macOS,reddit,https://www.reddit.com/r/osx/,
macOS,reddit,https://www.reddit.com/r/macapps,
macOS,reddit,https://www.reddit.com/r/Mac,
macOS,reddit,https://www.reddit.com/r/macOS/,
macOS,reddit,https://www.reddit.com/r/MacSetups,
macOS,table-of-contents,#applications,
macOS,table-of-contents,#audio,
macOS,table-of-contents,#backup,
macOS,table-of-contents,#bookmark-utilities,
macOS,table-of-contents,#chat-clients,
macOS,table-of-contents,#data-recovery,
macOS,table-of-contents,#developers,
macOS,table-of-contents,#e-book-utilities,
macOS,table-of-contents,#editors,
macOS,table-of-contents,#email-utilities,
macOS,table-of-contents,#finder,
macOS,table-of-contents,#games,
macOS,table-of-contents,#graphics,
macOS,table-of-contents,#productivity,
macOS,table-of-contents,#sharing-files,
macOS,table-of-contents,#terminal,
macOS,table-of-contents,#utilities,
macOS,table-of-contents,#video,
macOS,table-of-contents,#window-management,
macOS,table-of-contents,#others,
macOS,table-of-contents,#command-line-utilities,
macOS,table-of-contents,#macos-utilities,
macOS,table-of-contents,#setup,
macOS,table-of-contents,#devmymac,
macOS,table-of-contents,#laptop,
macOS,table-of-contents,#mac-dev-setup,
macOS,table-of-contents,#macbook-playbook,
macOS,table-of-contents,#os-x-1010-yosemite-setup,
macOS,table-of-contents,#os-x-1011-el-capitan-setup,
macOS,table-of-contents,#os-x-109-mavericks-setup,
macOS,table-of-contents,#security,
macOS,table-of-contents,#miscellaneous,
macOS,table-of-contents,#discussion-forums,
macOS,table-of-contents,#apple,
macOS,table-of-contents,#irc-channels,
macOS,table-of-contents,#macrumors,
macOS,table-of-contents,#reddit,
macOS,table-of-contents,#contribute,
macOS,command-line-utilities,https://github.com/herrbischoff/awesome-osx-command-line, - Use your macOS terminal shell to do awesome things.
macOS,command-line-utilities,https://github.com/rgcr/m-cli, -  Swiss Army Knife for macOS.
macOS,command-line-utilities,https://github.com/guarinogabriel/Mac-CLI, -  macOS command line tools for developers.
macOS,command-line-utilities,https://developer.apple.com/legacy/library/documentation/Darwin/Reference/ManPages/, - Apple's official man page reference which lists all general commands in Section 1.
macOS,command-line-utilities,https://github.com/mas-cli/mas, - A CLI for the Mac App Store. 
macOS,macos-utilities,http://www.macobserver.com/tmo/article/os-x-bluetooth-menu-reset-devices, - Factory reset devices and more.
macOS,macos-utilities,http://www.mitchchn.me/2014/os-x-terminal/?x,
macOS,macos-utilities,http://www.mitchchn.me/2014/and-eight-hundred-more/,
macOS,macos-utilities,https://github.com/hschmidt/EnvPane, - An preference pane for environment variables. 
macOS,macos-utilities,https://github.com/nicolargo/glances, - System monitoring tool that runs in terminal. 
macOS,macos-utilities,https://apple.stackexchange.com/questions/12161/os-x-terminal-must-have-utilities,
macOS,security,https://gpgtools.org/, - Full GPG toolkit with easy to understand GUI applications and Mail.app plugin. 
macOS,security,https://github.com/halo/LinkLiar, - Menu application written in Swift to help you spoof the MAC addresses of your Wi-Fi and Ethernet interfaces. 
macOS,security,https://acrogenesis.com/macchanger/, - Easily change your MAC Address 
macOS,security,https://github.com/shilch/macchanger/," - Change / spoof MAC address (random, custom and restore). "
macOS,security,https://github.com/etsy/MIDAS, - Intrusion Detection Analysis System. 
macOS,security,https://github.com/drduh/OS-X-Security-and-Privacy-Guide, 
macOS,security,https://github.com/Yelp/osxcollector, - Forensic evidence collection & analysis toolkit. 
macOS,security,https://github.com/google/santa, - A binary whitelisting/blacklisting system. 
macOS,security,https://www.tinc-vpn.org, - Secure mesh VPN software. 
macOS,security,https://tunnelblick.net, - Easy to use OpenVPN client and GUI. 
macOS,miscellaneous,https://support.apple.com/en-us/HT204895,
macOS,miscellaneous,http://www.slant.co/topics/523/~power-user-tools-for-mac-osx,
macOS,miscellaneous,http://ianlunn.co.uk/articles/quickly-showhide-hidden-files-mac-os-x-mavericks/,
macOS,miscellaneous,https://www.relay.fm/mpu,
macOS,miscellaneous,https://github.com/aharris88/awesome-osx-screensavers,
macOS,git,https://github.com/simplerocket-llc/OpenCashew, - Cashew macOS Github Issue Tracker. 
macOS,git,https://github.com/Nightonke/Gitee," - Gitee, macOS status bar application for Github. "
macOS,git,https://github.com/remirobert/Github-contributions," - GitHub contributions app, for iOS, WatchOS, and macOS. "
macOS,git,https://github.com/desktop/desktop, - Simple collaboration from your desktop. 
macOS,git,https://github.com/ad/GithubListener, - Simple app that will notify about new commits to watched repositories. 
macOS,git,https://github.com/erik/github-notify, - Simple macOS app to alert you when you have unread GitHub notifications. 
macOS,git,https://github.com/eonist/GitSync, - Minimalistic Git client for Mac. 
macOS,git,https://github.com/git-up/GitUp, - The Git interface you've been missing all your life has finally arrived. 
macOS,git,https://github.com/gitx/gitx, - Graphical client for the git version control system. 
macOS,git,https://github.com/mtgto/GPM, - macOS application for easily operating GitHub Projects. 
macOS,git,https://github.com/glaurent/MessagesHistoryBrowser, - macOS application to comfortably browse and search through your Messages.app history. 
macOS,git,https://github.com/jamieweavis/streaker, - GitHub contribution streak tracking menubar app. 
macOS,git,https://github.com/marcinreliga/TeamStatus-for-GitHub, - macOS status bar application for tracking code review process within the team. 
macOS,git,https://github.com/ptsochantaris/trailer, - Managing Pull Requests and Issues For GitHub & GitHub Enterprise. 
macOS,git,https://github.com/Uncommon/Xit, - Xit is a graphical tool for working with git repositories. 
macOS,ios---macos,https://github.com/alexlee002/alloy, - Simple toolkit that makes your iOS / macOS apps development more easier. 
macOS,ios---macos,https://github.com/vineetchoudhary/AppBox-iOSAppsWirelessInstallation," - Tool for iOS developers to build and deploy Development, Ad-Hoc and In-house (Enterprise) applications directly to the devices from your Dropbox account. "
macOS,ios---macos,https://github.com/kuyawa/AppIcons, - Tool for generating icons in all sizes as required by macOS and iOS apps. 
macOS,ios---macos,https://github.com/everettjf/AppleTrace, - Trace tool for iOS/macOS. 
macOS,ios---macos,https://github.com/arbel03/AppStoreReviewTimes, - Gives you indication about the average iOS / macOS app stores review times. 
macOS,ios---macos,https://github.com/insidegui/AssetCatalogTinkerer, - App that lets you open .car files and browse/extract their images. 
macOS,ios---macos,https://github.com/athiercelin/Assets," - Assets is a macOS app that manages assets for your development projects (Xcode, web, etc). "
macOS,ios---macos,https://github.com/attaswift/Attabench," - Attabench is a microbenchmarking app for macOS, designed to measure and visualize the performance of Swift code. "
macOS,ios---macos,https://github.com/angelvasa/AVXCAssets-Generator, - Takes path for your assets images and creates appiconset and imageset for you in just one click. 
macOS,ios---macos,https://github.com/JustinFincher/BoardForGitHub, - Small application to monitor your GitHub project web page in a native macOS app :octocat:! 
macOS,ios---macos,https://github.com/br1sk/brisk, - macOS app for submitting radars. 
macOS,ios---macos,https://github.com/xing/calabash-launcher, - iOS Calabash Launcher is a macOS app that helps you run and manage Calabash tests on your Mac. 
macOS,ios---macos,https://github.com/waylybaye/XcodeCleaner, - Cleaner for Xcode.app built with react-native-macOS. 
macOS,ios---macos,https://github.com/mmattozzi/cocoa-rest-client, - Native Apple macOS app for testing HTTP/REST endpoints. 
macOS,ios---macos,https://github.com/KrisYu/FilterShop, - macOS App to explore CoreImage Filters. 
macOS,ios---macos,https://github.com/onmyway133/IconGenerator, - macOS app to generate app icons. 
macOS,ios---macos,https://github.com/raphaelhanneken/iconizer, - Create Xcode image catalogs (xcassets) on the fly. 
macOS,ios---macos,https://github.com/SAP/macos-icon-generator," - App for macOS which is designed to generate consistent sized icons of an existing application in various states, jiggling (shaking) etc. "
macOS,ios---macos,https://github.com/johnno1962/InjectionIII, - overdue Swift rewrite of Injection. 
macOS,ios---macos,https://github.com/devcxm/iOS-Images-Extractor," - iOS Images Extractor is a Mac app to normalize, decode, and extract images from iOS apps. "
macOS,ios---macos,https://github.com/wigl/iSimulator, - iSimulator is a GUI utility to control the Simulator and manage the app installed on the simulator. 
macOS,ios---macos,https://github.com/shaojiankui/iSimulator," - iSimulator, iOS Simulator Sandbox, like simpholders, a macOS app to find simulator's sandbox and go. "
macOS,ios---macos,https://github.com/KnuffApp/Knuff, - The debug application for Apple Push Notification Service (APNs). 
macOS,ios---macos,https://github.com/yuhua-chen/LayerX, - Intuitive app to display transparent images on screen. 
macOS,ios---macos,https://github.com/ralcr/Localizable.strings, - Mac app to localize your iOS and macOS projects. 
macOS,ios---macos,https://github.com/athiercelin/Localizations, - Localizations is an macOS app that manages your Xcode project localization files (.strings). 
macOS,ios---macos,https://github.com/igorkulman/iOSLocalizationEditor, - Simple macOS editor app to help you manage iOS app localizations by allowing you to edit all the translations side by side. 
macOS,ios---macos,https://github.com/nvzqz/Menubar-Colors, - macOS app for convenient access to the system color panel. 
macOS,ios---macos,https://github.com/toxblh/MTMR, - App to customize your Touch Bar as you want. 
macOS,ios---macos,https://github.com/kizitonwose/PodsUpdater, - macOS app which helps you manage dependency releases in your Podfile. 
macOS,ios---macos,https://github.com/shaojiankui/ProfilesManager," - Apple iOS/macOS Provisioning Profiles management,.provisionprofile, .mobileprovision files manager tool for mac. "
macOS,ios---macos,https://github.com/onmyway133/PushNotifications, - macOS app to test push notifications on iOS and Android. 
macOS,ios---macos,https://github.com/InjoyDeng/ResignTool, - This is an app for macOS that can (re)sign apps and bundle them into ipa files that are ready to be installed on an iOS device. 
macOS,ios---macos,https://github.com/shaojiankui/SmartPush, - iOS Push Notification Debug App. 
macOS,ios---macos,https://github.com/touchbar/Touch-Bar-Preview, - Small application to display your designs on the Touch Bar of the new MacBook Pro. 
macOS,ios---macos,https://github.com/sindresorhus/touch-bar-simulator, - Use the Touch Bar on any Mac. 
macOS,ios---macos,https://github.com/iseebi/TransporterPad, - iOS/Android app deployment tool for macOS. 
macOS,ios---macos,https://github.com/insidegui/WWDC, - Unofficial WWDC app for macOS. 
macOS,ios---macos,https://github.com/ssamadgh/WWDCsrt, - Powerful app for downloading subtitle for each WWDC session video since 2013 in (srt) format. 
macOS,ios---macos,https://github.com/novemberfiveco/xib2Storyboard, - Tool to convert Xcode .xib to .storyboard files. 
macOS,json-parsing,https://github.com/zadr/j2s, - macOS app to convert JSON objects into Swift structs (currently targets Swift 4 and Codable). 
macOS,json-parsing,https://github.com/AppCraft-LLC/json-mapper, - Simple macOS app to generate Swift Object Mapper classes from JSON. 
macOS,json-parsing,https://github.com/Ahmed-Ali/JSONExport," - Desktop application for macOS which enables you to export JSON objects as model classes with their associated constructors, utility methods, setters and getters in your favorite language. "
macOS,web-development,https://github.com/RafalWilinski/s3-uploader, - Simple macOS app for uploading files to Amazon Web Services. 
macOS,web-development,https://github.com/TheNewNormal/corectl.app, - Corectl App is a macOS Status bar App which works like a wrapper around the corectl command line tool corectld to control the server runtime process. 
macOS,web-development,https://github.com/TheNewNormal/coreos-osx, - CoreOS VM is macOS status bar app which allows in an easy way to control CoreOS VM on your Mac. 
macOS,web-development,https://github.com/getinsomnia/insomnia," - Insomnia is a cross-platform REST client, built on top of Electron. "
macOS,web-development,https://github.com/ronakdev/itunesconnect, - macOS app to let you access iTunesConnect. 
macOS,web-development,https://github.com/DanSanche/KubeMonitor, - KubeMonitor is a macOS app that displays information about your active Kubernetes cluster in your menu bar. 
macOS,web-development,https://github.com/BurntCaramel/Lantern, - Dedicated Mac app for website auditing and crawling. 
macOS,web-development,https://github.com/plan44/localSites, - Simple Menu Bar (Status Bar) App for macOS listing local Bonjour websites (as Safari 11 no longer has Bonjour Bookmarks). 
macOS,web-development,https://github.com/andypotts/mockup-generator, - Mockup Generator is a macOS app built with AngularJS/Electron that sits in your menu bar allowing you to capture screenshots of your favourite websites and wrap them in device mock-ups. 
macOS,web-development,https://github.com/720kb/ndm, - Npm desktop GUI. 
macOS,web-development,https://github.com/vsaravind007/nodeScratchpad, - Evaluate Nodejs/JS code snippets from Menubar. 
macOS,web-development,https://github.com/zeit/now-desktop, - Create deployments right from the tray menu. 
macOS,web-development,https://github.com/inket/stts, - macOS app for monitoring the status of cloud services. 
macOS,csv,https://github.com/jakob/TableTool, - simple CSV editor for the macOS. 
macOS,json,https://github.com/wellsjo/JSON-Splora," - GUI for editing, visualizing, and manipulating JSON data. "
macOS,markdown,https://github.com/gingko/client," - Tree-structured markdown editor for macOS, Windows, and Linux. "
macOS,markdown,https://github.com/MacDownApp/macdown, - Markdown editor for macOS. 
macOS,markdown,https://github.com/marktext/marktext/, - Realtime preview markdown editor for macOS Windows and Linux. 
macOS,markdown,https://github.com/lukakerr/twig, - A modern MacOS markdown editor. 
macOS,tex,https://github.com/qilin-editor/qilin-app, - Text editor for exact sciences with built-in KaTeX/AsciiMath support. 
macOS,text,https://github.com/coteditor/CotEditor, - Lightweight Plain-Text Editor for macOS. 
macOS,text,https://git.savannah.gnu.org/cgit/emacs.git," - An extensible, customizable, free/libre text editor — and more."
macOS,text,https://github.com/macvim-dev/macvim, - Text editor for macOS. 
macOS,text,https://github.com/brunophilipe/noto, - Plain text editor for macOS with customizable themes. 
macOS,text,https://github.com/textmate/textmate, - TextMate is a graphical text editor for macOS. 
macOS,text,https://github.com/qvacua/vimr, - Refined Neovim experience for macOS. 
macOS,player,https://github.com/lhc70000/iina, - Modern video player for macOS. 
macOS,player,https://github.com/emoRaivis/MacMorpheus, - 3D 180/360 video player for macOS for PSVR with head tracking. 
macOS,player,https://github.com/lettier/movie-monad, - Desktop video player built with Haskell that uses GStreamer and GTK+. 
macOS,player,https://github.com/niltsh/MPlayerX, - Media player on macOS. 
macOS,player,https://github.com/mpv-player/mpv, - Video player based on MPlayer/mplayer2. 
macOS,subtitles,https://github.com/gielcobben/caption, - Caption takes the effort out of finding and setting up the right subtitles. 
macOS,subtitles,https://github.com/Kevin-De-Koninck/Sub-It, - Small macOS application to download subtitles. 
macOS,subtitles,https://github.com/spilja/Subtitlr/tree/master, - Subtitlr is macOS application used to find and download subtitles easily. 
macOS,audio,https://github.com/vgorloff/AUHost, - Application which hosts AudioUnits v3 using AVFoundation API. 
macOS,audio,https://github.com/maculateConception/aural-player," - Aural Player is a audio player application for the macOS platform. Inspired by the classic Winamp player for Windows, it is designed to be to-the-point and easy to use. "
macOS,audio,https://github.com/kyleneideck/BackgroundMusic," - Background Music, a macOS audio utility: automatically pause your music, set individual apps' volumes and record system audio. "
macOS,audio,https://github.com/hanayik/CAM, - macOS camera recording using ffmpeg 
macOS,audio,https://github.com/nodeful/eqMac2, - System-Wide Equalizer for the Mac. 
macOS,audio,https://github.com/enzo1982/freac, - The fre:ac audio converter project. 
macOS,audio,https://github.com/jcm93/jmc, - jmc - new macOS media organizer. 
macOS,audio,https://github.com/alberti42/iTunes-Volume-Control, - This app allows you to control the iTunes volume using volume up and volume down hotkeys. 
macOS,audio,https://github.com/dsward2/LocalRadio," - LocalRadio is software for listening to ""Software-Defined Radio"" on your Mac and mobile devices. "
macOS,audio,https://github.com/lyc2345/Lyricism, - macOS app to show you lyric what currently iTunes or Spotify is playing. 
macOS,audio,https://github.com/ddddxxx/LyricsX," - Lyrics for iTunes, Spotify and Vox. "
macOS,audio,https://github.com/bsdelf/mous, - Simple yet powerful audio player for BSD/Linux/macOS. 
macOS,audio,https://github.com/xzzz9097/Muse, - Spotify controller with TouchBar support. 
macOS,audio,https://github.com/shibiao/SBPlayerClient, - SBPlayer is a beautiful and powerful media player base on VLCKit. 
macOS,audio,https://github.com/ShazamScrobbler/shazamscrobbler-macos," - Scrobble vinyl, radios, movies to Last.fm. "
macOS,audio,https://github.com/sonoramac/Sonora," - Minimal, beautifully designed music player for macOS. "
macOS,audio,https://github.com/kmikiy/SpotMenu, - Spotify and iTunes in your menu bar. 
macOS,audio,https://github.com/will-stone/SpotSpot, - Spotify mini-player for macOS. 
macOS,audio,https://github.com/Sunnyyoung/Suohai, - Audio input/output source lock for macOS. 
macOS,audio,https://github.com/yingDev/Tickeys, - Instant audio feedback for typing. macOS version. 
macOS,audio,https://github.com/CocoaHeadsBrasil/MuteUnmuteMic, - macOS app to mute & unmute the input volume of your microphone. Perfect for podcasters. 
macOS,audio,https://github.com/getoffmyhack/waveSDR, - macOS native desktop Software Defined Radio application using the RTL-SDR USB device. 
macOS,backup,https://github.com/lra/mackup, - Keep your application settings in sync (macOS/Linux). 
macOS,backup,https://github.com/alichtman/shallow-backup," - Easily create lightweight documentation of installed applications, dotfiles, and more. "
macOS,backup,https://github.com/uroni/urbackup_backend," - UrBackup - Client/Server network backup for Windows, macOS and Linux. "
macOS,browser,https://github.com/beakerbrowser/beaker, - Beaker is an experimental peer-to-peer Web browser.  
macOS,browser,https://github.com/brave/browser-laptop," - Brave browser for Desktop and Laptop computers running Windows, macOS, and Linux. "
macOS,browser,https://github.com/will-stone/browserosaurus, - macOS tool that prompts you to choose a browser when opening a link. 
macOS,browser,https://github.com/JadenGeller/Helium, - Floating browser window for macOS. 
macOS,browser,https://github.com/johnste/finicky, - Always opens the right browser. 
macOS,browser,https://hg.mozilla.org/mozilla-central/, - Current Firefox and Gecko development.
macOS,browser,https://github.com/kaktus/kaktus," - Experimental web browser with minimalistic design. Running Windows, macOS and Linux. "
macOS,browser,https://github.com/OtterBrowser/otter-browser, - Otter Browser aims to recreate the best aspects of the classic Opera (12.x) UI using Qt5.  
macOS,browser,https://github.com/SafeExamBrowser/seb-mac, - Safe Exam Browser for macOS and iOS. 
macOS,chat,https://github.com/jake-101/android-messenger-mac, -  Mac app wrapper around Google's stand-alone Android Messenger. 
macOS,chat,https://github.com/stonesam92/ChitChat, - Native Mac app wrapper for WhatsApp Web. 
macOS,chat,https://github.com/geeeeeeeeek/electronic-wechat, - Better WeChat on macOS and Linux. 
macOS,chat,https://github.com/meetfranz/franz," - Franz is messaging application for services like WhatsApp, Slack, Messenger and many more. "
macOS,chat,https://github.com/kelyvin/Google-Allo-For-Desktop, - Native macOS & Windows desktop app for Google Allo. 
macOS,chat,https://github.com/dcrousso/GroupMe, - Unofficial GroupMe App. 
macOS,chat,https://github.com/vector-im/riot-web, - Riot.im is a collaboration app (currently Electron) for the 
macOS,chat,https://github.com/neilalexander/seaglass, - A truly native 
macOS,chat,https://github.com/signalapp/Signal-Desktop, - Electron app that links with your Signal Android or Signal iOS app. 
macOS,chat,https://github.com/overtake/TelegramSwift, - Source code of Telegram for macOS on Swift. 
macOS,chat,https://github.com/overtake/telegram, - Source code of deprecated Telegram for macOS version. 
macOS,chat,https://github.com/telegramdesktop/tdesktop, - Telegram Desktop messaging app. 
macOS,chat,https://github.com/Codeux-Software/Textual, - Textual is an IRC client for macOS. 
macOS,chat,https://github.com/javerous/TorChat-Mac, - TorChat for Mac is a macOS native and unofficial port of torchat. 
macOS,chat,https://github.com/aldychris/WhatsAppBar, - Send WhatsApp message from menu bar. 
macOS,chat,https://github.com/wireapp/wire-desktop, - Standalone Electron app for the chatapp Wire. 
macOS,cryptocurrency,https://github.com/onmyway133/AddressGenerator, - macOS app to safely generate cryptocurrency address. 
macOS,cryptocurrency,https://github.com/balance-io/balance-open, - App for all the world’s currencies. 
macOS,cryptocurrency,https://github.com/adamwaite/CoinBar, - macOS menu bar application for tracking crypto coin prices. 
macOS,cryptocurrency,https://github.com/geraldoramos/crypto-bar, - macOS menu bar application built with Electron. 
macOS,cryptocurrency,https://github.com/kaunteya/FloatCoin, - Native menu bar app with floating window and support for many Exchanges. 
macOS,database,https://github.com/dbeaver/dbeaver, - Universal database tool and SQL client. 
macOS,database,https://github.com/sqlitebrowser/sqlitebrowser, - SQLite database management GUI. 
macOS,database,https://github.com/gcollazo/mongodbapp, - The easiest way to get started with mongoDB on the Mac. 
macOS,database,https://github.com/Paxa/postbird, - PostgreSQL GUI client for macOS. 
macOS,database,https://github.com/PostgresApp/PostgresApp, - The easiest way to get started with PostgreSQL on the Mac. 
macOS,database,https://github.com/jpadilla/redisapp, - The easiest way to get started with Redis on the Mac. 
macOS,database,https://github.com/sequelpro/sequelpro, - MySQL/MariaDB database management for macOS.  
macOS,other,https://github.com/Yasumoto/ChefInspector, — Node and Attribute viewer for Chef 
macOS,other,https://github.com/dcsch/macho-browser, - Browser for macOS Mach-O binaries.  
macOS,other,https://github.com/ant4g0nist/vegvisir, - Browser based GUI for 
macOS,other,https://github.com/brunophilipe/Cakebrew, - Manage your Homebrew formulas with style using Cakebrew. 
macOS,other,https://github.com/2ndalpha/gasmask, - Hosts file manager for macOS. 
macOS,other,https://github.com/specialunderwear/Hosts.prefpane, - Cocoa GUI for /etc/hosts. 
macOS,other,https://github.com/ImageOptim/ImageOptim, - GUI image optimizer for Mac. 
macOS,other,https://github.com/insidegui/KeyframesPlayer, - Simple macOS app to preview animations created with Facebook's keyframes framework. 
macOS,other,https://github.com/hackjutsu/Lepton, - Democratizing Code Snippets Management (macOS/Win/Linux). 
macOS,other,https://github.com/Bunn/macGist, - Simple app to send pasteboard items to GitHub's Gist. 
macOS,other,https://github.com/sveinbjornt/Platypus, - Mac developer tool that creates application bundles from command line scripts. 
macOS,other,https://github.com/goktugyil/QorumLogs, - Swift Logging Utility for Xcode & Google Docs. 
macOS,other,https://github.com/jhen0409/react-native-debugger," - Desktop app for inspecting your React Native projects. macOS, Linux, and Windows. "
macOS,other,https://github.com/infinitered/reactotron," - Desktop app for inspecting your React JS and React Native projects. macOS, Linux, and Windows. "
macOS,other,https://github.com/woofwoofinc/rktmachine, - Menu bar macOS app for running rkt in a macOS hypervisor CoreOS VM. 
macOS,other,https://github.com/gosu/ruby-app, - macOS app that contains a full Ruby installation (for use with Ruby/Gosu). 
macOS,other,https://github.com/fitztrev/shuttle, - Simple SSH shortcut menu for macOS. 
macOS,other,https://github.com/SwiftyBeaver/SwiftyBeaver, - Convenient logging during development & release in Swift. 
macOS,other,https://github.com/syncthing/syncthing-macos, - Frugal nativemacOS macOS Syncthing application bundle. 
macOS,other,https://github.com/jeffhodnett/Unused, - Mac app for checking Xcode projects for unused resources.  
macOS,other,https://github.com/lanayotech/vagrant-manager, - Manage your vagrant machines in one place with Vagrant Manager for macOS.  
macOS,downloader,https://github.com/yep/app-downloader, - Easily search and download macOS apps from the huge 
macOS,downloader,https://github.com/Kevin-De-Koninck/Get-It, - Native macOS video/audio downloader. Think of it as a youtube downloader that works on many sites. 
macOS,downloader,https://github.com/Pjirlip/Pillager, - macOS Video Downloader written in Swift and Objective-C 
macOS,downloader,https://github.com/FaisalUmair/udemy-downloader-gui, - desktop application for downloading Udemy Courses. 
macOS,downloader,https://github.com/onmyway133/YoutubeDownloader, - macOS app to download Youtube videos. 
macOS,downloader,https://github.com/DenBeke/YouTube-Downloader-for-macOS, - Simple menu bar app to download YouTube movies on your Mac. I wrote this as a test project to learn more about app development on macOS. 
macOS,extensions,https://github.com/Capevace/BetterPiP, - Use native picture-in-picture with browsers such as Google Chrome for HTML5 videos. 
macOS,extensions,https://github.com/arnoappenzeller/PiPifier, - PiPifier is a native macOS 10.12 Safari extension that lets you use every HTML5 video in Picture in Picture mode. 
macOS,extensions,https://github.com/bfmatei/PiPTool," - Add the Picture-in-Picture Functionality to YouTube, Netflix, Plex and other video broadcasting services in macOS. "
macOS,finder,https://github.com/Clipy/Clipy, - Clipy is a Clipboard extension app for macOS. 
macOS,finder,https://github.com/onmyway133/FinderGo," - macOS app and Finder Sync Extension to open Terminal, iTerm, Hyper from Finder. "
macOS,finder,https://github.com/Mortennn/FiScript, - Execute custom scripts from the MacOS context menu (CTRL+click) in Finder. 
macOS,finder,https://github.com/sozercan/OpenInCode, - Finder toolbar app to open current folder in Visual Studio Code. 
macOS,games,https://github.com/wesnoth/wesnoth," - Turn-based tactical strategy game, featuring both single-player and online multiplayer combat. "
macOS,games,https://github.com/alunbestor/Boxer, - The DOS game emulator that’s fit for your Mac. 
macOS,games,https://github.com/dolphin-emu/dolphin, - Powerful emulator for Nintendo GameCube and Wii games. 
macOS,games,https://github.com/OpenEmu/OpenEmu, - Retro video game emulation for macOS. 
macOS,games,https://github.com/OpenRCT2/OpenRCT2, - Re-implementation of RollerCoaster Tycoon 2. 
macOS,games,https://github.com/AaronRandall/Screentendo, - Turn your screen into a playable level of Mario. 
macOS,games,https://github.com/daylen/stockfish-mac," - Beautiful, powerful chess application. "
macOS,graphics,https://github.com/aseprite/aseprite," - Animated sprite editor & pixel art tool (Windows, macOS, Linux). "
macOS,graphics,https://github.com/gragrance/CaptuocrToy, - Tool to capture screenshot and recognize text by online ocr apis. 
macOS,graphics,https://github.com/onmyway133/GifCapture, - Gif capture app for macOS. 
macOS,graphics,https://github.com/lettier/gifcurry," - Video to GIF maker with a graphical interface capable of cropping, adding text, seeking, and trimming. "
macOS,graphics,https://github.com/sindresorhus/gifski-app, - Convert videos to high-quality GIFs. 
macOS,graphics,https://github.com/CleanCocoa/InfiniteCanvas, - Proof of concept Mac drawing application. 
macOS,graphics,https://gitlab.com/inkscape/inkscape, - Inkscape is professional quality vector graphics software. 
macOS,graphics,https://github.com/dsward2/macSVG, - macOS application for designing HTML5 SVG (Scalable Vector Graphics) art and animation with a WebKit web view. 
macOS,graphics,https://github.com/BafS/Material-Colors-native, - Choose your Material colours and copy the hex code. 
macOS,graphics,https://github.com/pencil2d/pencil," - Pencil2D is an animation/drawing software for macOS, Windows, and Linux. It lets you create traditional hand-drawn animation (cartoon) using both bitmap and vector graphics. "
macOS,graphics,https://github.com/duyquoc/ScreenToLayers, - ScreenToLayers is a macOS application to easily capture your screen as a layered PSD file. 
macOS,graphics,https://github.com/buzzfeed/Sketch-Toolbox, - Plugin manager for Sketch.app. 
macOS,ide,https://github.com/atom/atom, - The hackable text editor. 
macOS,ide,https://github.com/onivim/oni, - Oni is a modern take on modal editing - code editor focused on developer productivity - powered by Neovim 
macOS,ide,https://github.com/Microsoft/vscode, - Code editor developed by Microsoft. 
macOS,ide,https://github.com/pkulchenko/ZeroBraneStudio," - ZeroBrane Studio is a lightweight cross-platform Lua IDE with code completion, syntax highlighting, remote debugger, code analyzer, live coding, and debugging support for various Lua engines. "
macOS,images,https://github.com/shgodoroja/APNGb, - macOS app which assembles and disassembles animated png files. 
macOS,images,https://github.com/chrissimpkins/Crunch, - Insane(ly slow but wicked good) PNG image optimization. 
macOS,images,https://github.com/wddwycc/Freehand, - macOS Status Bar App for quick sketch. 
macOS,images,https://github.com/GNOME/gimp, - Gimp is GNU Image Manipulation Program. 
macOS,images,https://github.com/kornelski/ImageAlpha," - Mac GUI for pngquant, pngnq and posterizer. "
macOS,images,https://github.com/meowtec/Imagine," - Imagine is a desktop app for compression of PNG and JPEG, with a modern and friendly UI. "
macOS,images,https://github.com/bluegill/katana, - Katana is a simple screenshot utility for macOS that lives in your menubar. 
macOS,images,https://github.com/gergelysanta/photominer, - macOS app for finding and lost forgotten photos on your disks. 
macOS,images,https://github.com/crilleengvall/Screenbar, - macOS menubar app for automating screenshots. 
macOS,images,https://github.com/1000ch/WebPonize," - WebPonize is a macOS App for converting PNG, JPEG, animated (or not) GIF images into WebP. "
macOS,keyboard,https://github.com/msvisser/AnnePro-mac, - macOS application for controlling AnnePro keyboard over bluetooth. 
macOS,keyboard,https://github.com/Pyroh/Fluor, - Handy tool for macOS allowing you to switch Fn keys' mode based on active application. 
macOS,keyboard,https://github.com/yqrashawn/GokuRakuJoudo," - Karabiner-Elements configuration manager, rescue to bloated karabiner.json "
macOS,keyboard,https://github.com/tekezo/Karabiner, - Karabiner (KeyRemap4MacBook) is a powerful utility for keyboard customization. 
macOS,keyboard,https://github.com/tekezo/Karabiner-Elements, - Karabiner-Elements is a powerful utility for keyboard customization on macOS Sierra (10.12) or later. 
macOS,keyboard,https://github.com/utatti/kawa, - Better input source switcher for macOS. 
macOS,keyboard,https://github.com/gbammc/Thor, - Switch the right application ASAP. 
macOS,mail,https://github.com/amitmerchant1990/correo, - Menubar/taskbar Gmail App for Windows and macOS. 
macOS,mail,https://github.com/dinhviethoa/dejalu, - Fast and Simple Email Client. 
macOS,mail,https://github.com/denysdovhan/inboxer, - Unofficial Google Inbox Desktop App. 
macOS,mail,https://github.com/chenasraf/gInbox, - Wrapper for Inbox by Gmail. 
macOS,mail,https://github.com/nylas/nylas-mail, - Extensible mail client. 
macOS,mail,https://github.com/ramboxapp/community-edition, - Cross Platform messaging and emailing app that combines common web applications into one. 
macOS,menubar,https://github.com/alvesjtiago/airpass, - Status bar Mac application to overcome time constrained WiFi networks. 
macOS,menubar,https://github.com/tonsky/AnyBar, - macOS menubar status indicator. 
macOS,menubar,https://github.com/matryer/bitbar, - Put the output from any script or program in your macOS Menu Bar. 
macOS,menubar,https://github.com/josh-/CloudyTabs, - Simple menu bar macOS application for displaing lists of your iCloud Tabs and Reading List. 
macOS,menubar,https://github.com/inderdhir/DatWeatherDoe, - Simple menu bar weather app for macOS written in Swift. 
macOS,menubar,https://github.com/Kwpolska/DisplayMenu, - Simple (bare-bones) macOS menubar extra to apply display presets. 
macOS,menubar,https://github.com/Mortennn/Dozer, - Hide MacOS menubar items. 
macOS,menubar,https://github.com/CodySchrank/gSwitch, - macOS status bar app that allows control over the gpu on dual gpu macbooks. 
macOS,menubar,https://github.com/Moneypulation/iGlance," - macOS System Monitor (cpu, memory, network, fan and battery) for the Status Bar. "
macOS,menubar,https://github.com/lucasbento/menubar-brightness, - macOS app to change the screen brightness on the menubar. 
macOS,menubar,https://github.com/yujitach/MenuMeters," - CPU, memory, disk, and network monitoring tools for macOS.  "
macOS,menubar,https://github.com/isaiasmatewos/night-shift-control, - Night Shift Control is a simple macOS menubar app for controlling Night Shift. It's aim is to bring features from f.lux which are missing from Night Shift such as disabling Night Shift for certain apps. 
macOS,menubar,https://github.com/nikhilsh/PSIBar, - Quickly hacked up PSI macOS status bar app. 
macOS,menubar,https://github.com/alexrosenfeld10/Quickeys, - A mac menu bar app that provides note taking functionality though a quick dropdown menu. 
macOS,menubar,https://github.com/archagon/sensible-side-buttons, - Small menu bar utility that lets you use your third-party mouse's side buttons for navigation across a variety of apps. 
macOS,menubar,https://github.com/thompsonate/Shifty, - macOS menu bar app that gives you more control over Night Shift. 
macOS,music,https://github.com/AnaghSharma/Carol, - A minimal and beautiful lyrics app that stays in the menu bar of macOS. 
macOS,music,https://github.com/cemolcay/ChordDetector, - Tiny menu bar app that listens iTunes and Spotify to detect chords of songs! 
macOS,music,https://github.com/imanel/deezplayer," - Deezer Desktop app for Windows, Linux and macOS. "
macOS,music,https://github.com/Zac-Garby/iTunes-Graphs, - macOS app to visualise your iTunes library as graphs. 
macOS,music,https://github.com/mamal72/lyricsify-mac, - Simple Spotify lyrics viewer menu bar app for macOS in Swift. 
macOS,music,https://github.com/salomvary/soundcleod, - SoundCloud for macOS and Windows. 
macOS,music,https://github.com/ersel/spotify-cli-mac, - Control Spotify without leaving your terminal. :notes: 
macOS,music,https://github.com/steve228uk/YouTube-Music, - macOS wrapper for music.youtube.com. 
macOS,news,https://github.com/ngquerol/Diurna," - Basic/Classic Hacker News app, used as a Cocoa & Swift learning platform. "
macOS,news,https://github.com/jingweno/hacker-menu, - Hacker News Delivered to Desktop. 
macOS,news,https://github.com/brentsimmons/NetNewsWire, - Feed reader for macOS. 
macOS,news,https://github.com/ViennaRSS/vienna-rss, - Vienna is a RSS/Atom newsreader for macOS. 
macOS,notes,https://github.com/BoostIO/Boostnote, - Note-taking application made for programmers just like you. 
macOS,notes,https://github.com/Kilian/fromscratch, - Little app that you can use as a quick note taking or todo app. 
macOS,notes,https://github.com/glushchenko/fsnotes, - Notes manager for macOS/iOS: modern notational velocity (nvALT) on steroids. 
macOS,notes,https://github.com/laurent22/joplin," - Note taking and to-do application with synchronization capabilities for Windows, macOS, Linux, Android and iOS. "
macOS,notes,https://github.com/tuxu/nbviewer-app, - Notebook viewer for macOS. 
macOS,notes,https://github.com/jmcfarlane/notable, - Simple note taking application.
macOS,notes,https://github.com/SauvageP/Notes," - Notes is a macOS application built to create notes, using text amongst other formats: images, videos, contacts, and etc. "
macOS,notes,https://github.com/insidegui/NoteTaker, - Simple note taking app for macOS and iOS which uses Realm and CloudKit for syncing. 
macOS,notes,https://github.com/Automattic/simplenote-macos, - Simplest way to keep notes. 
macOS,notes,https://github.com/standardnotes/web," - Safe place for your notes, thoughts, and life's work. "
macOS,notes,https://github.com/buddax2/tmpNote, - Very simple macOS app to make temporary notes. 
macOS,notes,https://github.com/klauscfhq/tusk," - Unofficial, third-party, community driven Evernote app with a handful of useful features. "
macOS,other,https://github.com/Yasumoto/ChefInspector, — Node and Attribute viewer for Chef 
macOS,other,https://github.com/dcsch/macho-browser, - Browser for macOS Mach-O binaries.  
macOS,other,https://github.com/ant4g0nist/vegvisir, - Browser based GUI for 
macOS,other,https://github.com/brunophilipe/Cakebrew, - Manage your Homebrew formulas with style using Cakebrew. 
macOS,other,https://github.com/2ndalpha/gasmask, - Hosts file manager for macOS. 
macOS,other,https://github.com/specialunderwear/Hosts.prefpane, - Cocoa GUI for /etc/hosts. 
macOS,other,https://github.com/ImageOptim/ImageOptim, - GUI image optimizer for Mac. 
macOS,other,https://github.com/insidegui/KeyframesPlayer, - Simple macOS app to preview animations created with Facebook's keyframes framework. 
macOS,other,https://github.com/hackjutsu/Lepton, - Democratizing Code Snippets Management (macOS/Win/Linux). 
macOS,other,https://github.com/Bunn/macGist, - Simple app to send pasteboard items to GitHub's Gist. 
macOS,other,https://github.com/sveinbjornt/Platypus, - Mac developer tool that creates application bundles from command line scripts. 
macOS,other,https://github.com/goktugyil/QorumLogs, - Swift Logging Utility for Xcode & Google Docs. 
macOS,other,https://github.com/jhen0409/react-native-debugger," - Desktop app for inspecting your React Native projects. macOS, Linux, and Windows. "
macOS,other,https://github.com/infinitered/reactotron," - Desktop app for inspecting your React JS and React Native projects. macOS, Linux, and Windows. "
macOS,other,https://github.com/woofwoofinc/rktmachine, - Menu bar macOS app for running rkt in a macOS hypervisor CoreOS VM. 
macOS,other,https://github.com/gosu/ruby-app, - macOS app that contains a full Ruby installation (for use with Ruby/Gosu). 
macOS,other,https://github.com/fitztrev/shuttle, - Simple SSH shortcut menu for macOS. 
macOS,other,https://github.com/SwiftyBeaver/SwiftyBeaver, - Convenient logging during development & release in Swift. 
macOS,other,https://github.com/syncthing/syncthing-macos, - Frugal nativemacOS macOS Syncthing application bundle. 
macOS,other,https://github.com/jeffhodnett/Unused, - Mac app for checking Xcode projects for unused resources.  
macOS,other,https://github.com/lanayotech/vagrant-manager, - Manage your vagrant machines in one place with Vagrant Manager for macOS.  
macOS,podcast,https://github.com/z-------------/CPod," - Simple, beautiful podcast app. "
macOS,podcast,https://github.com/muammar/mkchromecast, - Cast macOS and Linux Audio/Video to your Google Cast and Sonos Devices. 
macOS,podcast,https://github.com/insidegui/PodcastMenu, - PodcastMenu is a simple app which puts 
macOS,podcast,https://github.com/phranck/podlive-macos, - macOS client to listen to live streaming podcasts (only). It currently supports all livestreams broadcasting via 
macOS,productivity,https://github.com/klauscfhq/ao, - Elegant Microsoft To-Do desktop app. 
macOS,productivity,https://github.com/KELiON/cerebro, - Cross-platform launcher app. 
macOS,productivity,https://github.com/naotaka/ClipMenu, - Clipboard manager for macOS. 
macOS,productivity,https://github.com/abhishekbanthia/Clocker, - macOS app to plan and organize through timezones. 
macOS,productivity,https://github.com/dustinrue/ControlPlane, - Automate running tasks based on where you are or what you do. 
macOS,productivity,https://github.com/TermiT/flycut, - Clean and simple clipboard manager for developers. 
macOS,productivity,https://github.com/Clipy/KeyHolder," - Record shortcuts in macOS, like Alfred.app. "
macOS,productivity,https://github.com/kiwix/apple," - Kiwix for iOS and macOS, build on Swift. "
macOS,productivity,https://github.com/fespinoza/LinkedIdeas, - macOS application to write down and connect ideas. 
macOS,productivity,https://github.com/p0deje/Maccy, - Lightweight search-as-you-type clipboard manager. 
macOS,productivity,https://github.com/shubhambatra3019/macOrganizer, - macOS app for organizing files or removing unnecessary files. 
macOS,productivity,https://github.com/hql287/Manta, - Flexible invoicing desktop app with beautiful & customizable templates. 
macOS,productivity,https://github.com/thomasbrueggemann/paperless-desktop, - Desktop app that uses the paperless API to manage your document scans. 
macOS,productivity,https://github.com/PDF-Archiver/PDF-Archiver, - Nice tool for tagging and archiving tasks. 
macOS,productivity,https://github.com/quicksilver/Quicksilver, - Quicksilver is a fast macOS productivity application that gives you the power to control your Mac quickly and elegantly. 
macOS,productivity,https://github.com/quickwords/quickwords," - Write anything in a matter of seconds. Create snippets that can substitute text, execute tedious tasks and more. "
macOS,productivity,https://github.com/SelfControlApp/selfcontrol, - macOS app to block your own access to distracting websites etc for a predetermined period of time. It can not be undone by the app or by a restart – you must wait for the timer to run out. 
macOS,productivity,https://github.com/Onix-Systems/osx-status-bar-todo, - Simple macOS app to keep TODO-list in status bar. 
macOS,productivity,https://github.com/hovancik/stretchly, - Cross-platform electron app that reminds you to take breaks when working with computer. 
macOS,productivity,https://github.com/joaomoreno/thyme, - The task timer for OS X. 
macOS,productivity,https://github.com/michaelvillar/timer-app, - Simple Timer app for Mac. 
macOS,productivity,https://github.com/toggl/toggldesktop/tree/app-store-release-v7.3.319," - Toggl Desktop app for Windows, Mac and Linux. "
macOS,productivity,https://github.com/jlong/TrelloApp," - Unofficial wrapper application for Trello.com written in Swift. This is almost a ""Hello World"" for a site specific browser. "
macOS,productivity,https://github.com/TailorDev/Watson, - A CLI application for time tracking. 
macOS,productivity,https://github.com/1000ch/whale, - Unofficial Trello app. 
macOS,productivity,https://github.com/sendyhalim/Yomu, - Manga reader app for macOS. 
macOS,screensaver,https://github.com/JohnCoates/Aerial, - Apple TV Aerial Screensaver for macOS. 
macOS,screensaver,https://github.com/ved62/Image-As-Wallpaper, - Utility application helps with selection of images for using as desktop wallpaper or in screensaver on Mac computers. 
macOS,screensaver,https://github.com/leonspok/Irvue-Screensaver, - Screensaver for macOS. 
macOS,screensaver,https://github.com/docterd/MusaicFM, - iTunes Screensaver Clone for Spotify and Last.fm 
macOS,screensaver,https://github.com/winterbe/github-matrix-screensaver, - The GitHub Matrix Screensaver for macOS. 
macOS,security,https://github.com/objective-see/LuLu, - LuLu is macOS firewall application that aims to block unauthorized (outgoing) network traffic. 
macOS,security,https://github.com/alichtman/stronghold, - Easily configure macOS security settings from the terminal. 
macOS,sharing-files,https://git.deluge-torrent.org/deluge, - Lightweight cross-platform BitTorrent client. 
macOS,sharing-files,https://github.com/mileswd/mac2imgur, - Simple Mac app designed to make uploading images and screenshots to Imgur quick and effortless. 
macOS,sharing-files,https://github.com/qbittorrent/qBittorrent, - BitTorrent client in Qt. 
macOS,sharing-files,https://github.com/timonus/Rhea, - macOS status bar app for quickly sharing files and URLs. 
macOS,sharing-files,https://github.com/transmission/transmission, - Official Transmission BitTorrent client repository. 
macOS,sharing-files,https://github.com/Tribler/tribler, - Privacy enhanced BitTorrent client with P2P content discovery. 
macOS,social-networking,https://github.com/vitorgalvao/appear.in, - Unofficial appear.in app. 
macOS,social-networking,https://github.com/sindresorhus/caprine#features, - Elegant Facebook Messenger desktop app. 
macOS,social-networking,https://github.com/danielbuechele/goofy, - Unofficial Facebook Messenger client. 
macOS,social-networking,https://github.com/Swiftodon/Leviathan, - Leviathan is a iOS and macOS client application for the Mastodon social network. 
macOS,social-networking,https://github.com/rsms/fb-mac-messenger, - macOS app wrapping Facebook's Messenger for desktop. 
macOS,social-networking,https://github.com/producthunt/producthunt-osx, - Official Product Hunt app for macOS - share and discover your favorite new products and applications. 
macOS,social-networking,https://github.com/1000ch/quail, - Unofficial 
macOS,social-networking,https://github.com/terkelg/ramme, - Unofficial Instagram Desktop App. 
macOS,social-networking,https://github.com/KeliCheng/Simpo, - macOS menubar app to post status quickly. 
macOS,streaming,https://github.com/michealparks/galeri, - Perpetual artwork streaming app. 
macOS,system,https://github.com/raphaelhanneken/apple-juice, - Advanced battery gauge for macOS. 
macOS,system,https://github.com/fuyu/AppPolice, - App for macOS with a minimalistic UI which lets you quickly throttle down the CPU usage of any running process. 
macOS,system,https://github.com/Kevin-De-Koninck/Clean-Me," - Small macOS app that acts as a system cleaner (logs, cache, ...). "
macOS,system,https://github.com/macmade/Diagnostics, - Diagnostics is an application displaying the diagnostic reports from applications on macOS. 
macOS,system,https://github.com/Eun/DisableMonitor, - Easily disable or enable a monitor on your Mac. 
macOS,system,https://github.com/etresoft/EtreCheck, - EtreCheck is an easy-to-use macOS app to display important details of your system configuration and allow you to copy that information to the Clipboard. 
macOS,system,https://github.com/DanielStormApps/Fanny, - Monitor your Mac's fan speed and CPU temperature from your Notification Center. 
macOS,system,https://github.com/brianmichel/Juice, - Make your battery information a bit more interesting. 
macOS,system,https://github.com/newmarcel/KeepingYouAwake, - Prevents your Mac from going to sleep. 
macOS,system,https://github.com/mangerlahn/Latest, - Small utility app for macOS that makes sure you know about all the latest updates to the apps you use. 
macOS,system,https://github.com/BonzaiThePenguin/Loading, - Simple network activity monitor for macOS. 
macOS,system,https://github.com/KrauseFx/overkill-for-mac, - Stop iTunes from opening when you connect your iPhone. 
macOS,system,https://github.com/erikberglund/ProfileCreator, - macOS Application to create standard or customized configuration profiles. 
macOS,system,https://github.com/sveinbjornt/Sloth, - Sloth is an macOS application that displays a list of all open files and sockets in use by all running applications on your system. 
macOS,system,https://github.com/rugarciap/Turbo-Boost-Switcher, - Turbo Boost Switcher is a little application for Mac computers that allows to enable and/or disable the Turbo Boost feature. 
macOS,system,https://github.com/DeromirNeves/VerticalBar, - macOS application to add a vertical bar to Dock. 
macOS,terminal,https://github.com/jwilm/alacritty," - Cross-platform, GPU-accelerated terminal emulator. "
macOS,terminal,https://github.com/ishuah/bifrost, - A tiny terminal emulator for serial port communication (macOS/Linux).
macOS,terminal,https://github.com/macmade/Console, - macOS console application. 
macOS,terminal,https://github.com/zeit/hyper, - Terminal built on web technologies. 
macOS,terminal,https://github.com/gnachman/iTerm2, - Terminal emulator for macOS that does amazing things. 
macOS,terminal,https://github.com/kovidgoyal/kitty," - Cross-platform, fast, feature full, GPU based terminal emulator. "
macOS,terminal,https://github.com/es-kumagai/OpenTerminal, - App for macOS that opens a new Finder window and changes the current directory to the folder launched by the app. 
macOS,terminal,https://github.com/railsware/upterm, - A terminal emulator for the 21st century (formerly Black Screen). 
macOS,terminal,https://github.com/mczachurski/wallpapper, - wallpapper is a console application for creating dynamic wallpapers for Mojave. 
macOS,utilities,https://github.com/mortenjust/androidtool-mac," - One-click screenshots, video recordings, app installation for iOS and Android "
macOS,utilities,https://github.com/ivoronin/ArchiveMounter, - Mounts archives like disk images 
macOS,utilities,https://github.com/beardedspice/beardedspice, - Control web based media players with the media keys found on Mac keyboards. 
macOS,utilities,https://github.com/buttercup/buttercup-desktop, - Secure password manager for mac and other platforms. 
macOS,utilities,https://github.com/mipstian/catch/, - Catch: Broadcatching made easy. 
macOS,utilities,https://github.com/ekreutz/CornerCal," - Simple, clean calendar and clock app for macOS. "
macOS,utilities,https://github.com/HR/Crypter," - Crypter is an innovative, convenient and secure cross-platform crypto app that simplifies secure password generation and management by requiring you to only remember one bit, the MasterPass. "
macOS,utilities,https://github.com/josejuanqm/ECheck, - Small tool to validate epub files for macOS. 
macOS,utilities,https://github.com/zenangst/Gray, - Pick between the light appearance and the dark appearance on a per-app basis with the click of a button 
macOS,utilities,https://github.com/alessiomaffeis/iOScanX, - Cocoa application for semi-automated iOS app analysis and evaluation. 
macOS,utilities,https://github.com/wulkano/kap, - Screen recorder application built with web technology. 
macOS,utilities,https://github.com/keepassxreboot/keepassxc," - Cross-platform community-driven port of the Windows application ""Keepass Password Safe"" "
macOS,utilities,https://github.com/keeweb/keeweb, - Cross-platform password manager compatible with KeePass. 
macOS,utilities,https://github.com/vishaltelangre/Kyapchar, - Simple screen and microphone audio recorder for macOS. 
macOS,utilities,https://github.com/wvdk/Life-Calendar, - Life Calendar. 
macOS,utilities,https://github.com/alin23/lunar, - Intelligent adaptive brightness for your external displays. 
macOS,utilities,https://github.com/MacPass/MacPass, - Native macOS KeePass client. 
macOS,utilities,https://github.com/shincurry/Maria, - macOS native app/widget for aria2 download tool. 
macOS,utilities,https://github.com/MemeMaker/Meme-Maker-Mac, - Meme Maker macOS application for meme creation. 
macOS,utilities,https://github.com/IngmarStein/Monolingual, - Remove unnecessary language resources from macOS 
macOS,utilities,https://github.com/Caldis/Mos, - Smooth your mouse's scrolling and reverse the mouse scroll direction 
macOS,utilities,https://github.com/jariz/Noti/, - Receive Android notifications on your mac (with PushBullet). 
macOS,utilities,https://github.com/padlock/padlock," - A minimal, open source password manager for macOS. "
macOS,utilities,https://github.com/sidneys/pb-for-desktop," - Receive native push notifications on macOS, Windows and Linux. "
macOS,utilities,https://github.com/cemolcay/PercentCalculator, - A menu bar application that calculates parcents. 
macOS,utilities,https://github.com/maxogden/screencat, - ScreenCat is a screen sharing + remote collaboration application. 
macOS,utilities,https://github.com/dteoh/SlowQuitApps, - Add a global delay to Command-Q to stop accidental app quits. 
macOS,utilities,https://github.com/64characters/Telephone, - SIP softphone for Mac. 
macOS,utilities,https://github.com/blockstack/blockstack-browser, - Blockstack is an internet for decentralized apps where users own their data. The Blockstack Browser allows you to explore the Blockstack internet. 
macOS,utilities,https://bitbucket.org/kosovan/theunarchiver, - The Unarchiver is an Objective-C application for uncompressing archive files. 
macOS,utilities,https://github.com/zenangst/ToTheTop, - Small macOS application to help you scroll to the top. 
macOS,utilities,https://github.com/felixhageloh/uebersicht, - Keep an eye on what's happening on your machine and in the world. 
macOS,vpn---proxy,https://github.com/yichengchen/clashX, - A rule based custom proxy with GUI for Mac base on clash. 
macOS,vpn---proxy,https://github.com/riboseinc/rvc-mac, - Ribose VPN Client macOS Menu App. 
macOS,vpn---proxy,https://github.com/shadowsocks/ShadowsocksX-NG, - Next Generation of ShadowsocksX. 
macOS,vpn---proxy,https://github.com/zhuhaow/Specht, - Rule-based proxy app built with Network Extension for macOS. 
macOS,vpn---proxy,https://github.com/zhuhaow/SpechtLite, - Rule-based proxy app for macOS. 
macOS,vpn---proxy,https://github.com/Tunnelblick/Tunnelblick, - Tunnelblick is a graphic user interface for OpenVPN on macOS. 
macOS,video,https://github.com/lostjared/Acid.Cam.v2.OSX, - Acid Cam v2 for macOS distorts video to create art. 
macOS,video,https://github.com/insidegui/AppleEvents, - Unofficial Apple Events app for macOS. 
macOS,video,https://github.com/roecrew/Datamosh, - Datamosh your videos on macOS. 
macOS,video,https://github.com/xiaohk/FaceData, - macOS application used to auto-annotate landmarks from a video. 
macOS,video,https://github.com/vdel26/gifted, - Turn any short video into an animated GIF quickly and easily. 
macOS,video,https://github.com/HandBrake/HandBrake," - HandBrake is a video transcoder available for Linux, Mac, and Windows. "
macOS,video,https://github.com/edanchenkov/MenuTube, - Catch YouTube into your macOS menu bar! 
macOS,video,https://github.com/OpenShot/openshot-qt," - Easy to use, quick to learn, and surprisingly powerful video editor. "
macOS,video,https://github.com/Marginal/QLVideo," - This package allows macOS Finder to display thumbnails, static QuickLook previews, cover art and metadata for most types of video files. "
macOS,video,https://bitbucket.org/galad87/subler/overview, - Subler is an macOS app created to mux and tag mp4 files. 
macOS,video,https://github.com/sahil-a/vidquizcreator, - macOS application to insert quizzes within video playback and play those videos to receiving devices using the LISNR API. 
macOS,video,https://github.com/webtorrent/webtorrent-desktop," - Streaming torrent app. For Mac, Windows, and Linux. "
macOS,video,https://github.com/whoisandy/yoda, - Nifty macOS application which enables you to browse and download videos from YouTube. 
macOS,wallpaper,https://github.com/cuddlecheek/500-mac-wallpaper, - Simple macOS app for the status bar to automatically download photos from 500px.com to a local folder that can be set as a source of wallpapers. 
macOS,wallpaper,https://github.com/NghiaTranUIT/artify-macos, - A macOS application for bringing dedicatedly 18th century Arts to everyone 
macOS,wallpaper,https://github.com/JustinFincher/ASWP-for-macOS, - ArtStation set as wallpapers from 
macOS,wallpaper,https://github.com/pengsrc/BingPaper, - Use Bing daily photo as your wallpaper on macOS. 
macOS,wallpaper,https://github.com/VioletGiraffe/desktop-wallpaper-switcher, - Win / Linux / macOS tool for managing and cycling desktop wallpapers. 
macOS,wallpaper,https://github.com/viatsko/earth-wallpapers, - Simple macOS menubar app which fetches latest photos from a subreddit. 
macOS,wallpaper,https://github.com/IngoHeimbach/pyDailyChanger, - pyDailyChanger is a program that changes your wallpaper daily. 
macOS,wallpaper,https://github.com/naman14/Muzei-macOS, - Muzei wallpaper app for macOS. 
macOS,wallpaper,https://github.com/tomtaylor/satellite-eyes, - macOS app to automatically set your desktop wallpaper to the satellite view overhead. 
macOS,wallpaper,https://github.com/davidcelis/Sunscreen," - Sunscreen is a fun, lightweight application that changes your desktop wallpaper based on sunrise and sunset. "
macOS,wallpaper,https://github.com/diogosantos/WallpaperMenu, - macOS menubar application for navigation through beautiful pictures on the web and set them up as your desktop image. 
macOS,window-management,https://github.com/ianyh/Amethyst, - Automatic tiling window manager for macOS. 
macOS,window-management,https://github.com/sdegutis/AppGrid, - Grid-based keyboard window manager for macOS. 
macOS,window-management,https://github.com/koekeishiya/chunkwm, - Tiling window manager for macOS that uses a plugin architecture. 
macOS,window-management,https://github.com/Hammerspoon/hammerspoon, - Staggeringly powerful macOS desktop automation with Lua. 
macOS,window-management,https://github.com/kasper/phoenix, - Lightweight macOS window and app manager scriptable with JavaScript. 
macOS,window-management,https://github.com/fikovnik/ShiftIt, - Managing windows size and position. 
macOS,window-management,https://github.com/jigish/slate, - Window management application (replacement for Divvy/SizeUp/ShiftIt). 
macOS,window-management,https://github.com/eczarny/spectacle, - Spectacle allows you to organize your windows without using a mouse. 
