fuse,applications,https://itunes.apple.com/us/app/20-000-leagues-under-sea-pathbook/id1187726369, - Interactive book 
fuse,applications,http://www.amphi-festival.de/, - Semi-official app for Amphi Festival 2017 
fuse,applications,http://gbgbeerweek.se/, - The official app for Gothenburg beer festival 
fuse,applications,https://itunes.apple.com/WebObjects/MZStore.woa/wa/viewSoftware?id=1072222649, - A BPM tapper that works 
fuse,applications,https://play.google.com/store/apps/details?id=hk.edu.cityu.minerals, - A mobile virtual museum 
fuse,applications,https://play.google.com/store/apps/details?id=hk.edu.cityu.minerals, - City University of Hong Kong official portal app 
fuse,applications,https://itunes.apple.com/us/app/conrad-wise/id1090322679, - The all-knowing Conrad Wise 
fuse,applications,https://itunes.apple.com/us/app/countinental/id1065815345, - An app for counting things 
fuse,applications,https://livingabook.com, - Interactive story book 
fuse,applications,https://livingabook.com, - Interactive book 
fuse,applications,http://deemapp.co/, - The ultimate way to see movie reviews worldwide 
fuse,applications,https://github.com/fusetools/FuseCloud, - A SoundCloud
fuse,applications,https://itunes.apple.com/us/app/gamecalculator/id952709405, - A custom game calculator for parties 
fuse,applications,https://play.google.com/store/apps/details?id=com.littleboat.gig, - Discover local nightlife 
fuse,applications,http://guiadoop.com.br/download/, - Celebrity lifestyle guide. 
fuse,applications,http://htgame.uk, The official app for the card-driven soccer simulation Hat-Trick 
fuse,applications,https://play.google.com/store/apps/details?id=com.HowOld, - Find out how old or young you look 
fuse,applications,https://itunes.apple.com/us/app/klickle/id873427610, - Find stuff thatâ€™s happening now from local businesses 
fuse,applications,https://myopportunity.com/, - A lead generation tool built inside of a business network 
fuse,applications,https://play.google.com/store/apps/details?id=com.qubatetech.quotis, - Streamlined inspirational quote app that let's you browse and copy/paste great quotes 
fuse,applications,https://sanntidsappen.9u.no/, - Great-looking overview of bus routes in Trondheim 
fuse,applications,https://snapptime.de/, - Enjoy the food offers in your city (in German) 
fuse,applications,https://itunes.apple.com/us/app/spindice3d/id1082656455," - Select and spin a dice from collection of 4, 6, 8, 12 and 20 sides "
fuse,applications,https://play.google.com/store/apps/details?id=net.tastyapp.tasty&hl=en, - The local food curation chatbot app 
fuse,applications,https://itunes.apple.com/no/app/teslactrls/id1120560798, - This app will give you better control of your Tesla 
fuse,applications,https://livingabook.com, - Interactive book 
fuse,applications,https://itunes.apple.com/us/app/tiffinity/id1191434201, - Order delicious home made food from around you 
fuse,applications,https://itunes.apple.com/bt/app/timecircle/id1068220814, - Simple yet effective and good-looking stop watch 
fuse,applications,https://itunes.apple.com/us/app/timestealer/id1073144825, - Track how much your meetings are costing you and your company 
fuse,applications,https://itunes.apple.com/us/app/vaka/id1077345742, - Vaka is a game for focused and stable mind 
fuse,applications,https://getwonder.io/, - An idea companion app that trains your creative and ideation skills 
fuse,articles,https://medium.com/@fusetools/a-sane-way-of-mixing-languages-in-fuse-660b351c2f96, - Written by Chris Bagley.
fuse,articles,https://blog.prototypr.io/do-we-need-better-prototyping-or-simpler-coding-269109426313#.7c7y1vgx7, - Written by Daniel Hollick.
fuse,articles,https://medium.com/@fusetools/fuse-foreign-speech-c4d888b505ec, - Written by Remi Pedersen.
fuse,articles,https://medium.com/@fusetools/how-fuse-differs-from-react-native-and-nativescript-525344f02aaf#.pa1n8uh5l, - Written by Remi Pedersen.
fuse,articles,https://www.creativitykills.co/how-to-add-infinite-scrolling-to-fuse-app/, - Written by 
fuse,articles,https://medium.com/@fusetools/i-made-a-cross-platform-soundcloud-player-with-fuse-9fb1e62b7db1#.5lhmtwovz, - Written by 
fuse,articles,https://blog.prototypr.io/bots-wont-replace-apps-c88ff164990c#.2sp9vfqtv, - Written by Anders Lassen.
fuse,articles,http://abduzeedo.com/interview-anders-lassen-fuse, - Written by 
fuse,articles,http://7sharpnine.com/2016/06/03/light-the-fuse/, - Written by 
fuse,articles,https://tmn.io/read/2015-11-22-making-mobile-apps-using-Fuse, - Written by 
fuse,articles,https://github.com/YugoCode/SwiftFuse/blob/master/README.md, - Tutorial on how to use Swift with Fuse.
fuse,community,https://medium.com/@fusetools/latest, - The official Fuse blog on Medium
fuse,community,https://www.fusetools.com/community/forums, - The official Fuse forums.
fuse,community,https://medium.com/@fusetools, - Articles on Medium by the core team.
fuse,community,http://weekly.fusetools.com/, - Fuse Weekly is a weekly curated publication full of interesting news and articles.
fuse,community,https://slackcommunity.fusetools.com/, - The official Slack channel.
fuse,community,https://twitter.com/fusetools, - The official Fuse Twitter account.
fuse,community,https://www.youtube.com/channel/UCPizp_2dBkLlXRFnbieG3Qw/feed, - Official Fuse YouTube channel.
fuse,development,https://www.fusetools.com/docs, - Getting up and running with Fuse is super easy.
fuse,development,https://www.fusetools.com/examples, - A list of examples create by Fuse.
fuse,development,https://www.fusetools.com/docs/features, - List of current and upcoming Fuse features.
fuse,development,https://www.fusetools.com/docs/packages, - A curated list of third party Fuse packages created by the community.
fuse,development,https://www.fusetools.com/docs/technical-corner/fuse-protocol, - The official Fuse plugin API.
fuse,development,https://github.com/fusetools/fuse-samples/, - Samples demonstrating the use of various Fuse and FuseJS APIs.
fuse,development,https://github.com/englekk/TourDeFuse, - The sample for introducing functions of the Fuse.
fuse,open-source,https://github.com/jeroensmeets/mastodon-app, - 11t is an iOS and Android app for connecting to Mastodon
fuse,open-source,https://github.com/jveres/D500px, - Nifty gallery demo app using 500px API.
fuse,open-source,https://github.com/fuse-compound/Fuse.Firebase, - Firebase bindings for Fuse.
fuse,open-source,https://github.com/sanderdan/FormulaFuse, - Formula 1 Fuse application.
fuse,open-source,https://github.com/mokko-lab/fuse-input-validation, - Reusable and highly functional input validation methods in Fuse components
fuse,open-source,https://github.com/bolav/fusepm, - A Fusetools package manager.
fuse,open-source,https://github.com/franzsilva/FusePokeDex, - A Pokedex created using Fuse.
fuse,open-source,https://github.com/LuisRodriguezLD/Fuse-RequestReview, - Get reviews from your users without making them leave the app.
fuse,open-source,https://github.com/fusetools/fuse-samples, - A collection of smaller examples using the various features of Fuse and FuseJS.
fuse,open-source,https://github.com/LuisRodriguezLD/Fuse-TapticFeedback, - Get access to the iPhone 7's taptic engine.
fuse,open-source,https://github.com/glenfordwilliams/fuse.QrScanner, - A small library for scanning QrCode.
fuse,open-source,https://github.com/LuisRodriguezLD/Fuse-Tags-with-Firebase, - Simple Tags app. Adds and retrieves tags from Firebase.
fuse,open-source,http://tmn.github.io/FuseBus/, - A simple Fuse application for testing and funtimes.
fuse,open-source,https://github.com/elsassph/fusetools-haxe, - Haxe compiler for Fuse tools.
fuse,open-source,https://github.com/fusetools/hikr, - An example app case to accompany 
fuse,open-source,https://bitbucket.org/uzeidurs/fuse-infinite-scroll/," - An example implementation of ""infinite scroll"" for use with Fuse Tools version 0.26 and above."
fuse,open-source,https://github.com/AlexGustafsson/fuse-motion," - iOS accelerometer, gyroscope, magnetometer readings and more for Fuse."
fuse,open-source,https://www.npmjs.com/package/slush-xfuse," - Fuse slush generator with Gulp, Rollup and Babel integration."
fuse,open-source,https://bitbucket.org/uzeidurs/fuse-snake/, - A proof-of-concept experimental game of snake made with Fusetools.
fuse,open-source,https://github.com/Syncano/syncano-fuse-example, - Simple example of integration Syncano with Fuse.
fuse,open-source,https://github.com/englekk/Fusetools_UnityAdsSample, - Simple example of integration UnityAds with Fuse.
fuse,plugins,https://github.com/Hazealign/fuse-alfred-workflow, - Integrate Fuse on Alfred.
fuse,plugins,https://github.com/fusetools/Fuse.AtomPlugin, - Atom Editor plugin for Fuse.
fuse,plugins,https://github.com/fusetools/UnoBashCompletion, - Simple bash completion script for UNO.
fuse,plugins,https://github.com/kristianhasselknippe/fuse-mode, - Emacs plugin for Fuse.
fuse,plugins,https://github.com/fusetools/Fuse.SublimePlugin, - Sublime Text 3 plugin for Fuse.
fuse,plugins,https://github.com/Hazealign/vscode-fuse, - Fuse Helper for Visual Studio Code.
fuse,plugins,https://marketplace.visualstudio.com/items?itemName=naumovs.vscode-fuse-syntax, - Syntax Highlighting for *.uno and *.ux files in VS Code.
fuse,plugins,https://github.com/bstrr/vscode-fuse-log, - Get Fuse log messages into Visual Studio Code's output panel.
