dotnet,algorithms-and-data-structures,https://github.com/SolutionsDesign/Algorithmia," - Algorithm and data-structure library for .NET 3.5 and up. Algorithmia contains sophisticated algorithms and data-structures like graphs, priority queues, command, undo-redo and more."
dotnet,algorithms-and-data-structures,https://github.com/aalhour/C-Sharp-Algorithms, - A C# plug-and-play class-library project of standard Data Structures and Algorithms. It contains 35+ Data Structures and 30+ Algorithms designed as Object-Oriented isolated components.
dotnet,api,https://github.com/TelegramBots/Telegram.Bot, - .NET Client for 
dotnet,api,https://github.com/NancyFx/Nancy," - Lightweight, low-ceremony, framework for building HTTP-based services on .NET and Mono"
dotnet,api,https://www.asp.net/web-api," - Framework that makes it easy to build HTTP services that reach a broad range of clients, including browsers and mobile devices"
dotnet,api,http://breeze.github.io/doc-net/, - API framework enabling rich data access by using the OData 3 protocol. Client libraries available for JavaScript and C#.
dotnet,api,https://github.com/Microsoft/Mobius," - Mobius adds C# language binding to Apache Spark, enabling the implementation of Spark driver code and data processing operations in C#."
dotnet,api,https://github.com/ServiceStack/ServiceStack," - Thoughtfully architected, obscenely fast, thoroughly enjoyable web services for all"
dotnet,api,https://github.com/Nelibur/Nelibur, - Nelibur is message based web service framework on the pure WCF. Nelibur simplifies creating high-performance and message-based web services and you certainly have all the power of the WCF.
dotnet,api,https://github.com/WebApiContrib/WebAPIContrib, - Collection of open source projects to help improve your work with ASP.NET Web API
dotnet,api,https://docs.microsoft.com/en-us/xamarin/essentials/, - Xamarin.Essentials provides developers with cross-platform APIs for their mobile applications.
dotnet,application-frameworks,https://github.com/Dotnet-Boxed/Framework, - .NET Core Extensions and Helper NuGet packages
dotnet,application-frameworks,https://github.com/aspnetboilerplate/aspnetboilerplate, - A starting point for new modern ASP.NET MVC web applications with best practices and most popular tools.
dotnet,application-frameworks,https://butterflyserver.io, - Enables defining a Web API and Subscription API that automatically synchronizes datasets across connected clients. Allows building real-time web apps and native apps with minimal effort.
dotnet,application-frameworks,https://github.com/dotnet/orleans," - Orleans is a framework that provides a straight-forward approach to building distributed high-scale computing applications, without the need to learn and apply complex concurrency or other scaling patterns"
dotnet,application-frameworks,https://github.com/dotnet/corefx," -  The corefx repo contains the library implementation (called ""CoreFX"") for .NET Core. It includes System.Collections, System.IO, System.Xml and many other components."
dotnet,application-frameworks,https://github.com/MarimerLLC/csla, - business layer development framework https://cslanet.com/
dotnet,application-frameworks,https://github.com/mono/mono," - Open source ECMA CLI, C#, F#, VB and .NET implementation"
dotnet,application-frameworks,https://github.com/mono/mono-addins," - Mono.Addins is a generic framework for creating extensible applications, and for creating add-ins which extend those applications"
dotnet,application-frameworks,https://github.com/peasy/Peasy.NET," - Peasy is a middle tier framework that offers an easy to use and flexible rules engine and was designed to address common challenges such as concurrency handling, transactional support, fault tolerance, threading, scalability, async and multiple client support, and easy testability, all without a huge learning curve!"
dotnet,application-frameworks,https://github.com/spring-projects/spring-net, - Spring.NET is an open source application framework that makes building  enterprise .NET applications easier
dotnet,application-frameworks,https://github.com/Azure/DotNetty," - DotNetty is a port of Netty, asynchronous event-driven network application framework for rapid development of maintainable high performance protocol servers & clients."
dotnet,application-frameworks,https://github.com/dotnetcore/AspectCore-Framework," - AspectCore Framework is an Aspect-Oriented Programming based cross platform framework for .NET Core and .NET Framework. Core support for aspect-interceptor,dependency injection integration , web applications , data validation , and more."
dotnet,application-frameworks,https://github.com/Eastrall/Ether.Network," - Ether.Network is an open source networking library that allow developers to create simple, fast and scalable socket server or client applications over the TCP/IP protocol."
dotnet,application-templates,https://github.com/Dotnet-Boxed/Templates," - .NET project templates with batteries included, providing the minimum amount of code required to get you going faster."
dotnet,application-templates,https://github.com/kriasoft/aspnet-starter-kit," - backend: .NET Core, EF Core, C#; frontend: Babel, Webpack, React, CSS Modules"
dotnet,application-templates,https://github.com/NonFactors/MVC6.Template, - ASP.NET Core MVC project starter template.
dotnet,application-templates,https://github.com/fsprojects/ProjectScaffold," - A prototypical .NET solution recommended by the F# Foundation---includes file system setup, Paket for dependencies and FAKE for build/test automation. By default, build process also compiles documentation and generates NuGet packages."
dotnet,application-templates,https://github.com/volkanceylan/Serenity, - Serenity is an ASP.NET MVC application platform designed to simplify and shorten development of data-centric business applications with a service-based architecture. Serene is a starter template to build Serenity applications.
dotnet,application-templates,https://github.com/LigerShark/side-waffle, - Large collection of useful templates for Web and Desktop development.
dotnet,application-templates,https://github.com/Windows-XAML/Template10, - Windows 10 templates with design patterns.
dotnet,artificial-intelligence,http://aimlbot.sourceforge.net/," - A small, fast, standards-compliant yet easily customizable implementation of an AIML (Artificial Intelligence Markup Language) based chatter bot in C#."
dotnet,artificial-intelligence,https://simlbot.com/," - Synthetic Intelligence Markup Language, a next generation Chatbot & Digital Assistant Language."
dotnet,assembly-manipulation,https://github.com/Fody/Fody, - Extensible tool for weaving .NET assemblies.
dotnet,assembly-manipulation,https://github.com/gluck/il-repack, - Open-source alternative to ILMerge.
dotnet,assembly-manipulation,https://github.com/jbevain/cecil, - Cecil is a library to generate and inspect programs and libraries in the ECMA CIL form.
dotnet,assets,https://github.com/andrewdavey/cassette," - Manages .NET web application assets (scripts, css and templates)"
dotnet,assets,https://github.com/ajorkowski/NodeAssets, - Asset Manager for .NET that has live CSS updates using SignalR and can optionally leverage Node.js compilers
dotnet,assets,https://github.com/Taritsyn/BundleTransformer, - Modular extension for 
dotnet,assets,https://github.com/ServiceStack/Bundler, - Compile & Minify Less/Sass/Stylus/Css/JS/CoffeeScript/LiveScript files. Integrates with MVC and ServiceStack
dotnet,assets,https://github.com/jetheredge/SquishIt, - Lets you 
dotnet,authentication-and-authorization,https://github.com/aspnet/Identity/, - New membership system for ASP.NET applications
dotnet,authentication-and-authorization,https://github.com/DotNetOpenAuth/DotNetOpenAuth," - A C# implementation of the OpenID, OAuth and InfoCard protocols"
dotnet,authentication-and-authorization,https://github.com/logibit/logibit.hawk/, - A F# 
dotnet,authentication-and-authorization,https://github.com/IdentityModel, - Helper library for identity & access control in .NET 4.5 and MVC4/Web API.
dotnet,authentication-and-authorization,https://github.com/IdentityServer, - Extensible OAuth2 and OpenID Connect provider framework.
dotnet,authentication-and-authorization,https://github.com/danielcrenna/vault/tree/master/oauth, - A very lightweight library for generating OAuth 1.0a signatures written in C#
dotnet,authentication-and-authorization,http://rimdev.io/stuntman/, - Stuntman is a library for impersonating users during development leveraging .NET Claims Identity.
dotnet,books,https://www.manning.com/books/dotnet-core-in-action, - teaches how to write applications and libraries with .NET Core. 
dotnet,books,https://www.manning.com/books/c-sharp-in-depth-third-edition,C# in Depth - 
dotnet,books,https://www.microsoftpressstore.com/store/clr-via-c-sharp-9780735667457," - Dig deep and master the intricacies of the common language runtime, C#, and .NET development. "
dotnet,books,https://www.manning.com/books/functional-programming-in-c-sharp, - teaches how to best leverage the functional features of the C# language. 
dotnet,books,https://www.manning.com/books/microservices-in-net-core," - shows you how to build maintainable, secure and operations-friendly microservices using Nancy and .NET Core. "
dotnet,books,https://www.manning.com/books/dependency-injection-in-dot-net, 
dotnet,books,https://www.manning.com/books/asp-net-core-in-action, - teaches how to write web applications with ASP.NET Core. 
dotnet,books,https://www.manning.com/books/entity-framework-core-in-action," - teaches how to use Entity Framework Core, including lighter weight data access alternatives such as Dapper. "
dotnet,books,https://www.recaffeinate.co/book/," - A free, open-source, tutorial-based book aiming to provide a simple introduction to ASP.NET Core."
dotnet,build-automation,https://github.com/psake/psake, - .NET-based build automation tool written in PowerShell
dotnet,build-automation,https://github.com/fsharp/FAKE," - F# Make, a cross-platform build automation system"
dotnet,build-automation,https://github.com/nightroman/Invoke-Build, - PowerShell build and test automation tool inspired by Psake.
dotnet,build-automation,https://github.com/Microsoft/msbuild, - The Microsoft Build Engine (MSBuild) is the build platform for .NET and Visual Studio
dotnet,build-automation,https://github.com/cake-build/cake, - Cake (C# Make) is a cross-platform build automation system with a C# DSL.
dotnet,build-automation,https://github.com/yevhen/Nake, - Magic script-based C# task runner
dotnet,build-automation,https://github.com/nuke-build/nuke, - Cross-platform build automation system
dotnet,build-automation,https://github.com/flubu-core/flubu.core, -  A cross platform build and deployment automation system for building projects and executing deployment scripts using C# code.
dotnet,business-intelligence,https://www.nrecosite.com/pivot_data_library_net.aspx," - in-memory data aggregation/OLAP library, pivot tables generation (render to HTML, exports), ASP.NET pivot builder control "
dotnet,caching,https://github.com/aliostad/CacheCow, - An ASP.NET Web API HTTP caching implementation both on client and server
dotnet,caching,https://github.com/reactiveui/Akavache," - An asynchronous, persistent key-value store"
dotnet,caching,https://github.com/MichaCo/CacheManager, - A common interface and abstraction layer for caching.
dotnet,caching,https://bitbucket.org/glav/cacheadapter, - Another common cache abstraction layer for caching with enhanced cache API usage.
dotnet,caching,https://github.com/FoundatioFx/Foundatio#caching," - A common interface with in memory, Redis and hybrid implementations."
dotnet,caching,https://github.com/joakimskoog/Cashew, - a .NET library for caching responses easily with an 
dotnet,cli,http://www.appccelerate.com/commandlineparser.html," - A command-line parser with fluent definition syntax, different argument types, required and optional arguments, value restrictions, aliases, type conversion and semi-automatic usage help message composition"
dotnet,cli,https://github.com/fsprojects/Argu, - Declarative CLI argument & XML configuration parser for F# applications.
dotnet,cli,https://github.com/nemec/clipr," - A CLI library inspired by Python's argparse that transforms a command line into a strongly-typed object. It supports custom argument types, automated (and localized) help generation, and a variety of ways to store parsed arguments."
dotnet,cli,https://github.com/Tyrrrz/CliWrap, - Wrapper for command line interfaces.
dotnet,cli,https://github.com/tomakita/Colorful.Console, - Colorful console output.
dotnet,cli,https://github.com/commandlineparser/commandline, - The Command Line Parser Library offers to CLR applications a clean and concise API for manipulating command-line arguments and related tasks
dotnet,cli,https://github.com/Athari/CsConsoleFormat, - .NET C# library for advanced formatting of console output.
dotnet,cli,https://github.com/docopt/docopt.net, - Command-line interface description language that will make you smile.
dotnet,cli,https://github.com/Nick-Lucas/EntryPoint, - Composable CLI Argument Parser for .NET Core & .NET Framework 4.5+.
dotnet,cli,https://github.com/fclp/fluent-command-line-parser," - A simple, strongly typed .NET C# command-line parser library using a fluent easy to use interface"
dotnet,cli,https://github.com/migueldeicaza/gui.cs, - Terminal UI toolkit for .NET.
dotnet,cli,https://github.com/adamabdelhamed/PowerArgs," - PowerArgs converts command-line arguments into .NET objects that are easy to program against. It also provides a ton of optional capabilities such as argument validation, auto generated usage, tab completion, and plenty of extensibility"
dotnet,cli,https://github.com/tonerdo/readline, - A GNU-Readline like library for .NET/.NET Core.
dotnet,cli,https://github.com/rpetz/SharpNetSH, - A simple netsh library for C#.
dotnet,clr,https://github.com/dotnet/coreclr," - The coreclr repo contains the complete runtime implementation (called ""CoreCLR"") for .NET Core. It includes RyuJIT, the .NET GC, native interop and many other components."
dotnet,cms,https://github.com/Orckestra/C1-CMS-Foundation, - A web CMS that focus on UX and adaptability
dotnet,cms,https://github.com/i7media/mojoportal," - MojoPortal is an extensible, cross database, mobile friendly, web content management system (CMS) and web application framework written in C# ASP.NET"
dotnet,cms,https://github.com/n2cms/n2cms," - Open source, lightweight, code-first CMS able to seamlessly integrate into any MVC project."
dotnet,cms,https://github.com/OrchardCMS/Orchard," - Free, open source, community-focused project aimed at delivering applications and reusable components on the ASP.NET platform"
dotnet,cms,https://github.com/PiranhaCMS/Piranha," - Piranha is the fun, fast and lightweight .NET framework for developing cms-based web applications with an extra bite. It's built on ASP.NET MVC and Web Pages and is fully compatible with both Visual Studio and WebMatrix. http://piranhacms.org"
dotnet,cms,https://github.com/umbraco/Umbraco-CMS, - Umbraco is a free open source Content Management System built on the ASP.NET platform
dotnet,cms,http://www.bettercms.com, - Open Source .NET Intuitive User Interface for Developer and Publisher
dotnet,cms,https://www.dnnsoftware.com/community/download," - DNN Platform is our free, open source web CMS and the foundation of every professional DNN solution. Over 750,000 organizations worldwide have built websites powered by the DNN Platform."
dotnet,cms,https://github.com/rxtur/BlogEngine.NET, - Simple but full featured ASP.NET blog
dotnet,code-analysis-and-metrics,https://github.com/dotnet/roslyn-analyzers, - A number of Roslyn diagnostic analyzers initially developed to help flesh out the design and implementation of the static analysis APIs.
dotnet,code-analysis-and-metrics,https://www.ndepend.com," - is a Visual Studio and VS Team Services extension that estimates your .NET code quality and Technical-Debt, that lets create code rules with C# LINQ syntax, visualize code structure and focus on changes and evolution. "
dotnet,code-analysis-and-metrics,https://github.com/AppMetrics/AppMetrics, - App Metrics is an open-source and cross-platform .NET library used to record and report metrics within an application and reports it's health. See the 
dotnet,code-analysis-and-metrics,http://www.codemaid.net/," - Visual studio extension to cleanup, dig through and simplify C#, C++, F#, VB, PHP, JSON, XAML, XML, ASP, HTML, CSS, LESS, SCSS, JavaScript and TypeScript coding."
dotnet,code-analysis-and-metrics,https://github.com/StyleCop, - StyleCop analyzes C# source code to enforce a set of style and consistency rules
dotnet,code-analysis-and-metrics,https://github.com/spouliot/gendarme, - Extensible rule-based tool to find problems in .NET applications and libraries
dotnet,code-analysis-and-metrics,https://github.com/Recognos/Metrics.NET, - Capturing CLR and application-level metrics. So you know what's going on.
dotnet,code-analysis-and-metrics,https://github.com/alhardy/aspnet-metrics," - Capturing CLR, application-level web request metrics. Middleware and extensions using Metrics-Net"
dotnet,code-analysis-and-metrics,https://github.com/dotnet/BenchmarkDotNet, - Powerful .NET library for benchmarking.
dotnet,code-analysis-and-metrics,http://www.codinion.com/," - Enhanced syntax highlighting for C# and some other ""Visual"" features. "
dotnet,code-analysis-and-metrics,https://github.com/realvizu/NsDepCop, - Static code analysis tool to enforce namespace dependency rules in C# projects.
dotnet,code-snippets,https://dotnetfiddle.net/," - Write, compile and run C#, F# and VB code in the browser. The .Net equivalent of JSFiddle."
dotnet,code-snippets,https://gistlyn.com/," - Create, run and share your executable C# GitHub Gists."
dotnet,code-snippets,https://sharplab.io/, - Run C# code using different branches and versions of Roslyn.
dotnet,compilers--transpilers-and-languages,https://github.com/bridgedotnet/Bridge, - Open Source C# to JavaScript Compiler https://bridge.net/
dotnet,compilers--transpilers-and-languages,https://github.com/clojure/clojure-clr," - A port of Clojure to the CLR, part of the Clojure project"
dotnet,compilers--transpilers-and-languages,https://github.com/fsharp/fsharp/," -  The F# compiler, core library and tools - a functional programming language for safer, faster, better code writing."
dotnet,compilers--transpilers-and-languages,http://funscript.info/, - F# to JavaScript compiler with jQuery etc. mappings through a TypeScript type provider.
dotnet,compilers--transpilers-and-languages,http://www.altimesh.com/hybridizer-essentials/," - CIL (C#, VB.Net, F#) to CUDA compiler. "
dotnet,compilers--transpilers-and-languages,https://github.com/leppie/IronScheme," - R6RS Scheme compiler, runtime and many standard libraries"
dotnet,compilers--transpilers-and-languages,https://github.com/sq/JSIL, - CIL to JavaScript Compiler http://jsil.org/
dotnet,compilers--transpilers-and-languages,https://github.com/Rohansi/Mond," - A dynamically typed scripting language written in C# with a REPL, debugger, and simple embedding API."
dotnet,compilers--transpilers-and-languages,https://github.com/mono/mono-basic, - Visual Basic Compiler and Runtime
dotnet,compilers--transpilers-and-languages,https://github.com/rsdn/nemerle," - Nemerle is a high-level statically-typed programming language for the .NET platform. It offers functional, object-oriented and imperative features. It has a simple C#-like syntax and a powerful meta-programming system."
dotnet,compilers--transpilers-and-languages,https://github.com/praeclarum/Netjs, - .NET to TypeScript and JavaScript compiler. Portable Class Libraries work great for this. You can even pass EXEs.
dotnet,compilers--transpilers-and-languages,https://github.com/p-org/P, - P is a language for asynchronous event-driven programming.
dotnet,compilers--transpilers-and-languages,https://github.com/peachpiecompiler/peachpie," - PeachPie is a PHP compiler and runtime for .NET and .NET Core, which allows entire PHP applications to run on the modern, secure and performant .NET and .NET Core platforms."
dotnet,compilers--transpilers-and-languages,https://github.com/dotnet/roslyn," - The .NET Compiler Platform (""Roslyn"") provides open-source C# and Visual Basic compilers with rich code analysis APIs. It enables building code analysis tools with the same APIs that are used by Visual Studio."
dotnet,compilers--transpilers-and-languages,https://github.com/Testura/Testura.Code," - Wrapper around the Roslyn API and used for generation, saving and compiling C# code. It provides methods and helpers to generate classes, methods, statements and expressions."
dotnet,compilers--transpilers-and-languages,https://github.com/Microsoft/visualfsharp, - The Visual F# compiler and tools
dotnet,compilers--transpilers-and-languages,https://github.com/fable-compiler/Fable, - F# to JavaScript Compiler
dotnet,compilers--transpilers-and-languages,https://github.com/nessos/LinqOptimizer, - An automatic query optimizer-compiler for Sequential and Parallel LINQ
dotnet,compilers--transpilers-and-languages,https://github.com/antiufo/roslyn-linq-rewrite," - Compiles C# code by first rewriting the syntax trees of LINQ expressions using plain procedural code, minimizing allocations and dynamic dispatch."
dotnet,compilers--transpilers-and-languages,https://github.com/IronLanguages/ironpython2, - A python 2 implementation that is integrated with the dot net framework.
dotnet,compression,https://github.com/adamhathcock/sharpcompress," - SharpCompress is a compression library for .NET/Mono/Silverlight/WP7 that can unrar, un7zip, unzip, untar unbzip2 and ungzip with forward-only reading and file random access APIs. Write support for zip/tar/bzip2/gzip are implemented"
dotnet,compression,https://github.com/haf/DotNetZip.Semverd," - An open-source project that delivers a .NET library for handling ZIP files, and some associated tools. (fork of "
dotnet,compression,http://icsharpcode.github.io/SharpZipLib/," - a Zip, GZip, Tar and BZip2 library written entirely in C# for the .NET platform"
dotnet,compression,https://snappy.machinezoo.com/, - Snappy compression library for .NET baked on P/Invoke
dotnet,compression,https://github.com/jeffesp/Snappy.Sharp, - An implementation of Google's Snappy compression algorithm in C#.
dotnet,continuous-integration,http://www.jetbrains.com/teamcity/," - Ready to work, extensible and developer-friendly build server — out of the box "
dotnet,continuous-integration,https://www.myget.org/," - Continuous Integration and Deployment, Hosted Package Repository for NuGet, NPM, Bower and VSIX "
dotnet,continuous-integration,https://www.appveyor.com/, - .NET Continuous Integration and Deployment as a service. 
dotnet,cryptography,https://bouncycastle.org/," - Together with the .Net System.Security.Cryptography, the reference implementation for cryptographic algorithms on the CLR."
dotnet,cryptography,https://archive.codeplex.com/?p=hashlib," - HashLib is a collection of nearly all hash algorithms you've ever seen, it supports almost everything and is very easy to use"
dotnet,cryptography,https://github.com/adamcaudill/libsodium-net, - libsodium for .NET - A secure cryptographic library
dotnet,cryptography,https://github.com/Pkcs11Interop/Pkcs11Interop, - Managed .NET wrapper for unmanaged PKCS#11 libraries that provide access to the cryptographic hardware
dotnet,cryptography,https://github.com/bitbeans/StreamCryptor, - Stream encryption & decryption with libsodium and protobuf
dotnet,cryptography,https://github.com/sdrapkin/SecurityDriven.Inferno, - .NET crypto library. Professionally audited.
dotnet,database,https://github.com/BrightstarDB/BrightstarDB, - BrightstarDB is a native .NET RDF triple store
dotnet,database,https://github.com/EventStore/EventStore," - The open-source, functional database with Complex Event Processing in JavaScript. https://eventstore.org/"
dotnet,database,https://github.com/mbdavid/LiteDB, - A .NET NoSQL Document Store in a single data file - http://www.litedb.org
dotnet,database,https://github.com/ravendb/ravendb, - A LINQ-enabled document database for .NET
dotnet,database,https://github.com/JasperFx/marten, - PostgreSQL as a document database and event store for .NET applications
dotnet,database,https://github.com/realm/realm-dotnet," - A fast, easy-to-use alternative to SQLite & ORMs - https://realm.io/docs/dotnet/latest/"
dotnet,database,https://github.com/yevhen/Streamstone, - Event store for Azure Table Storage
dotnet,database,https://github.com/apache/ignite, - Distributed in-memory platform: document database with SQL and LINQ support; distributed computations; distributed services and events.
dotnet,database,https://github.com/sebastienros/yessql, - A .NET document database working on any RDBMS
dotnet,database,https://github.com/ttu/json-flatfile-datastore, - Simple JSON flat file data store with support for typed and dynamic data
dotnet,database-drivers,https://dev.mysql.com/downloads/connector/net/, - Connector/Net is a fully-managed ADO.NET driver for MySQL
dotnet,database-drivers,https://github.com/npgsql/Npgsql, - .NET data provider for PostgreSQL
dotnet,database-drivers,https://github.com/mongodb/mongo-csharp-driver, - Official MongoDB C# driver
dotnet,database-drivers,https://github.com/bchavez/RethinkDb.Driver/, - A RethinkDB database driver in C# striving for 100% ReQL API compatibility and completeness.
dotnet,database-drivers,https://github.com/ServiceStack/ServiceStack.Redis, - .NET's leading C# Redis client
dotnet,database-drivers,https://github.com/StackExchange/StackExchange.Redis, - General purpose Redis client from StackExchange
dotnet,database-drivers,https://github.com/datastax/csharp-driver, - DataStax .NET driver for Apache Cassandra
dotnet,database-drivers,https://github.com/couchbase/couchbase-net-client," - Official Couchbase .NET client library, based on the Enyim memcached client"
dotnet,database-drivers,https://sourceforge.net/projects/firebird/," - The .NET Data provider is written in C# and provides a high-performance, native implementation of the Firebird API"
dotnet,datetime,https://github.com/nodatime/nodatime," - Noda Time is an alternative date and time API for .NET. It helps you to think about your data more clearly, and express operations on that data more precisely. https://nodatime.org/"
dotnet,datetime,https://github.com/joaomatossilva/DateTimeExtensions, - Common Date Time operations on the form of extensions to 
dotnet,datetime,https://github.com/exceptionless/Exceptionless.DateTimeExtensions," - DateTimeRange, Business Day and various "
dotnet,decompilation,https://github.com/0xd4d/dnSpy," - open-source .NET assembly browser, editor, decompiler and debugger"
dotnet,decompilation,http://ilspy.net/, - ILSpy is the open-source .NET assembly browser and decompiler
dotnet,decompilation,https://github.com/telerik/JustDecompileEngine, - The decompilation engine of 
dotnet,decompilation,https://www.jetbrains.com/decompiler/, - Free-of-charge standalone tool based on ReSharper's bundled decompiler. It can reliably decompile any .NET assembly into equivalent C# or IL code. It can create Visual Studio solutions based on the original binary files in a straight-forward way. 
dotnet,deployment,https://github.com/thomasvm/unfold, - PowerShell-based deployment solution for .NET web applications
dotnet,deployment,https://github.com/DbUp/DbUp," - .NET library that helps you to deploy changes to SQL Server databases. It tracks which SQL scripts have been run already, and runs the change scripts that are needed to get your database up to date"
dotnet,deployment,https://github.com/OctopusDeploy/OctoPack, - Used to build NuGet packages of your application for deployment using tools such as Octopus Deploy
dotnet,directx,https://slimdx.org/, - DirectX framework wrapper for .NET applications
dotnet,directx,https://github.com/sharpdx/SharpDX," - SharpDX is an open-source project delivering the full DirectX API for .NET on all Windows platforms, allowing the development of high performance game, 2D and 3D graphics rendering as well as real-time sound application."
dotnet,distributed-computing,https://github.com/dotnet/orleans," - Orleans is a framework that provides a straight-forward approach to building distributed high-scale computing applications, without the need to learn and apply complex concurrency or other scaling patterns. It was created by Microsoft Research."
dotnet,distributed-computing,https://github.com/OrleansContrib/Orleankka," - Orleankka is a functional API for Microsoft Orleans framework. It is highly suitable for scenarios where having composable, uniform communication interface is preferable, such as: CQRS, event-sourcing, re-routing, FSM, etc. Additional API avaiable for F# called Orleankka.FSharp."
dotnet,distributed-computing,https://github.com/akkadotnet/akka.net, - Akka.NET is a port of the popular Java/Scala framework Akka to .NET. This is a community-driven port and is not affiliated with Typesafe who makes the original Java/Scala version.
dotnet,distributed-computing,https://github.com/Abc-Arbitrage/Zebus," - Zebus is a lightweight, highly versatile, peer-to-peer service bus, built with CQRS principles in mind. It allows applications to communicate with each other in a fast and easy manner. Most of the complexity is hidden in the library and you can focus on writing code that matters to you, not debugging messaging code. A very fundamental base for any distributed application."
dotnet,distributed-computing,https://github.com/Prolucid/FsShelter, - F# library for authoring 
dotnet,distributed-computing,https://github.com/FoundatioFx/Foundatio#jobs, - Pluggable foundation blocks for building distributed apps.
dotnet,distributed-computing,https://github.com/mbraceproject, - Integrated Data Scripting for the Cloud
dotnet,distributed-computing,https://github.com/AsynkronIT/protoactor-dotnet, - Proto Actor - Ultra fast distributed actors for Golang and C#
dotnet,dlr,https://github.com/manojlds/cmd," - C# library to run external programs in a simpler way. Demonstration of ""dynamic"" features of C#."
dotnet,documentation,https://github.com/EWSoftware/SHFB, - Sandcastle Help File Builder similar to NDoc
dotnet,documentation,https://github.com/Geaz/sharpDox, - A C# documentation tool
dotnet,documentation,https://github.com/KirillOsenkov/SourceBrowser, - Source browser website generator that powers https://referencesource.microsoft.com and http://source.roslyn.io
dotnet,documentation,https://github.com/domaindrivendev/Swashbuckle, - Seamlessly adds a Swagger to Web API projects.
dotnet,documentation,http://fsprojects.github.io/FSharp.Formatting/," - Tools for documenting F# and C# projects from F# script files, Markdown documents and inline XML or Markdown comments"
dotnet,documentation,https://github.com/dotnet/docfx, - Tools for building and publishing API documentation for .NET projects
dotnet,documentation,https://github.com/FransBouma/DocNet," - Your friendly static documentation generator, using markdown files to build the content."
dotnet,e-commerce-and-payments,https://github.com/paypal/merchant-sdk-dotnet, - Official PayPal Merchant SDK for .NET
dotnet,e-commerce-and-payments,https://github.com/nopSolutions/nopCommerce, - nopCommerce. Free open-source e-commerce shopping cart (ASP.NET MVC)
dotnet,e-commerce-and-payments,https://github.com/ServiceStack/Stripe, - Typed .NET clients for stripe.com REST APIs
dotnet,e-commerce-and-payments,https://github.com/smartstoreag/SmartStoreNET, - Free ASP.NET MVC e-commerce Shopping Cart Solution https://www.smartstore.com/en/net
dotnet,e-commerce-and-payments,https://github.com/stripe/stripe-dotnet, - Stripe.net is a full service .NET API for https://stripe.com/
dotnet,e-commerce-and-payments,https://github.com/VirtoCommerce/vc-platform," - Virto Commerce is the second generation release and is the only enterprise level e-commerce product fully available under Open Source license. Virto Commerce is based on .NET 4.5 with extensive use of MVC, IoC, EF, Azure, AngularJS and many other cutting edge technologies. It can be deployed in Microsoft Cloud (Azure), Amazon Web Services (AWS) and on-premise. https://virtocommerce.com"
dotnet,e-commerce-and-payments,https://github.com/simplcommerce/simplcommerce," - Super simple ecommerce system built on .NET Core. Simple to use and easy to customize. Thanks to .NET Core, you can run the SimplCommerce on Windows, Linux. With various RDBMS: Microsoft SQL Server, PostgreSQL, MySQL"
dotnet,environment-management,https://github.com/dotnet/cli, - The cross-platform .NET Core command-line toolchain utility.
dotnet,etl,https://github.com/Cinchoo/ChoETL," - ETL Framework for .NET (Read / Write CSV, Flat, Xml, JSON, Key-Value formatted files)"
dotnet,etl,https://archive.codeplex.com/?p=reactiveetl, - Reactive ETL is a rewrite of Rhino ETL using the reactive extensions for .NET
dotnet,event-aggregator-and-messenger,https://github.com/mayuanyang/Mediator.Net," - A simple mediator for .NET for sending command, publishing event and request response with pipelines supported"
dotnet,event-aggregator-and-messenger,https://github.com/jbogard/MediatR," - Simple, unambitious mediator implementation in .NET"
dotnet,event-aggregator-and-messenger,https://mikebridge.github.io/articles/csharp-domain-event-aggregator/, - Super-simple Reactive-Extension code from Reactive.EventAggregator
dotnet,event-aggregator-and-messenger,https://github.com/grumpydev/TinyMessenger, - A lightweight event aggregator/messenger for loosely coupled communication.
dotnet,event-aggregator-and-messenger,https://github.com/XerProjects/Xer.Cqrs, - A simple library for creating applications based on the CQRS pattern with support for attribute routing and hosted handlers. Developed in C# targeting .NET Standard 1.0.
dotnet,exceptions,https://github.com/exceptionless/Exceptionless.Net, - Exceptionless .NET Client
dotnet,extensions,http://www.extensionmethod.net/csharp, - Site with collection of extension methods
dotnet,extensions,https://github.com/zzzprojects/Z.ExtensionMethods, - Over a 1000 useful extension methods
dotnet,functional-programming,https://github.com/louthy/language-ext," - This library uses and abuses the features of C# 6+ to provide a functional 'Base class library', that, if you squint, can look like extensions to the language itself. It also includes an 'Erlang like' process system (actors) that can optionally persist messages and state to Redis (note you can use it without Redis for in-app messaging). The process system additionally supports Rx streams of messages and state allowing for a complete system of reactive events and message dispatch."
dotnet,functional-programming,https://github.com/nlkl/Optional, - A robust option type for C#
dotnet,game,https://github.com/MonoGame/MonoGame, - One framework for creating powerful cross-platform games
dotnet,game,https://github.com/mono/CocosSharp, - CocosSharp is a C# implementation of the Cocos2D and Cocos3D APIs that runs on any platform where MonoGame runs
dotnet,game,https://github.com/AdamsLair/duality," - Duality is a 2D game development framework. Focused on modularity, comes with a visual editor."
dotnet,game,https://xenko.com/," - Xenko is a 2D/3D cross-platform game engine featuring a scene editor, particles, physically based rendering (PBR), scripting, and much more"
dotnet,game,https://waveengine.net/Engine," - Wave engine is a free C# component-based modern game engine which allows you to create cross-platform games supporting Kinect, Oculus Rift, Vuforia, Cardboard, Leap Motion and much more. "
dotnet,game,https://github.com/xamarin/urho," - UrhoSharp is a C# implementation of the Urho3D game engine that runs on iOS, Mac, Windows, Android and Linux systems"
dotnet,game,https://github.com/prime31/Nez, - Nez is a free 2D-focused framework that works with MonoGame and FNA
dotnet,game,https://github.com/bepu/bepuphysics2, - BEPUphysics is a pure C# 3D physics library
dotnet,gis,https://github.com/NetTopologySuite/NetTopologySuite/,  A .NET GIS solution that is fast and reliable for the .NET platform
dotnet,gis,https://github.com/SharpMap, An easy-to-use mapping library for use in web and desktop applications
dotnet,gis,http://www.osmsharp.com/," - C# library to work with OpenStreetMap (OSM) data. Provides reading, writing and route-planning for OSM data."
dotnet,gis,https://github.com/alatas/GeoJSON4EntityFramework, - A library to create GeoJSON from Entity Framework Spatial Data or Well-Known Text (WKT) inputs.
dotnet,gis,https://github.com/GeoJSON-Net/GeoJSON.Net, - .Net library for GeoJSON types & corresponding Json.Net (de)serializers
dotnet,gis,https://github.com/Tronald/CoordinateSharp, - Easily parse or convert coordinate formats and calculate location based solar/lunar information.
dotnet,git-tools,https://github.com/jakubgarfield/Bonobo-Git-Server, - Bonobo Git Server for Windows is a web application you can install on your IIS and easily manage and connect to your Git repositories. https://bonobogitserver.com/
dotnet,git-tools,https://github.com/gitextensions/gitextensions," - GitExtensions is a shell extension, a Visual Studio 2008/2010/2012/2013 plugin and a standalone Git repository tool. http://gitextensions.github.io/"
dotnet,git-tools,https://github.com/GitTools/GitLink, - let's users step through their code hosted on GitHub or BitBucket
dotnet,git-tools,https://github.com/GitTools/GitVersion, - Generate a Semantic Version Number based on the state of your Git repository
dotnet,git-tools,https://github.com/libgit2/libgit2sharp," - LibGit2Sharp brings all the might and speed of libgit2, a native Git implementation, to the managed world of .NET and Mono."
dotnet,git-tools,https://github.com/kingsimmy/GitRead.Net," - GitRead.Net is a .NET Standard library which allows you to very easily interrogate a Git repository that you have on disk. It allows you to enumerate the commit log, count lines per file and list files changed by a commit."
dotnet,git-tools,https://github.com/mono/ngit, - NGit is a port of JGit to C#
dotnet,git-tools,https://github.com/dahlbyk/posh-git, - A PowerShell environment for Git
dotnet,git-tools,https://github.com/awaescher/RepoZ, - A Git repository information aggregator with Windows Explorer & CLI-enhancements
dotnet,git-tools,https://github.com/Microsoft/Git-Credential-Manager-for-Windows," - Helps solving issues of credentials, made by Microsoft"
dotnet,graphics,https://github.com/speps/LibTessDotNet," - .NET port of the famous GLU Tessellator, triangulates polygons"
dotnet,graphics,https://github.com/oxyplot/, - OxyPlot is a cross-platform plotting library for .NET
dotnet,graphics,https://github.com/opentk/opentk," - The Open Toolkit is an advanced, low-level C# library that wraps OpenGL, OpenCL and OpenAL"
dotnet,graphics,https://github.com/praeclarum/NGraphics, - NGraphics is a cross-platform library for rendering vector graphics on .NET
dotnet,graphics,https://github.com/Live-Charts/Live-Charts," - An Animated, MVVM oriented and modern charting library"
dotnet,graphics,http://www.helix-toolkit.org, - Helix Toolkit is a collection of 3D components for .NET
dotnet,graphics,https://bitbucket.org/Starnick/assimpnet," - A cross-platform .NET Standard wrapper for the Open Asset Importer (""Assimp""). The library enables importing, processing, and exporting of 3D models for rendering in graphics/game applications. Over 40 formats are supported for importing (e.g. OBJ, FBX, GLTF, 3DS, Collada) and a subset of those formats can be exported to (e.g. OBJ, GLTF, 3DS, Collada). Mesh processing features allow for mesh data to be generated or optimized for real-time rendering."
dotnet,gui,https://github.com/ddobrev/QtSharp, - Mono/.NET Bindings for Qt
dotnet,gui,https://github.com/qmlnet/qmlnet, - A cross-platform Qml/.NET integration for Mono/.NET/.NET Core
dotnet,gui,https://github.com/MahApps/MahApps.Metro, - Toolkit for creating Metro-styled WPF apps
dotnet,gui,https://github.com/timheuer/callisto, - A control toolkit for Windows 8 XAML applications. Contains some UI controls to make it easier to create Windows UI style apps for the Windows Store in accordance with Windows UI guidelines.
dotnet,gui,http://objectlistview.sourceforge.net/cs/index.html, - ObjectListView is a C# wrapper around a .NET ListView. It makes the ListView much easier to use and teaches it some new tricks
dotnet,gui,https://sourceforge.net/projects/dockpanelsuite/, - The Visual Studio inspired docking library for .NET WinForms
dotnet,gui,https://github.com/icsharpcode/AvalonEdit, - The WPF-based text editor component used in SharpDevelop
dotnet,gui,https://github.com/mono/xwt, - A cross-platform UI toolkit for creating desktop applications with .NET and Mono
dotnet,gui,https://github.com/mono/gtk-sharp, - Gtk# is a Mono/.NET binding to the cross platform Gtk+ GUI toolkit and the foundation of most GUI apps built with Mono
dotnet,gui,http://materialdesigninxaml.net/, - Toolkit for creating Material Design styled WPF apps
dotnet,gui,https://github.com/picoe/Eto, - Cross-platform GUI framework for desktop and mobile applications in .NET and Mono
dotnet,gui,https://github.com/ButchersBoy/Dragablz," - Dragable, tearable WPF tab control (similar to Chrome) which supports layouts and is full themeable, including themese compatible with MahApps and Material Design."
dotnet,gui,https://github.com/fluentribbon/Fluent.Ribbon, - Fluent Ribbon Control Suite is a library that implements an Office- and Windows 8-like Ribbon for WPF.
dotnet,gui,https://github.com/RibbonWinForms/RibbonWinForms, - A library that implements MS Office Ribbon for WinForms.
dotnet,gui,https://github.com/IgnaceMaes/MaterialSkin," - Theming .NET WinForms, C# or VB.Net, to Google's Material Design principles."
dotnet,gui,https://github.com/xamarin/Xamarin.Forms," - Build native UIs for iOS, Android and Windows from a single, shared C# codebase."
dotnet,gui,https://github.com/MISoftware/SciterSharp," - Create .NET cross-platform desktop apps using not just HTML, but all features of Sciter engine: CSS3, SVG, scripting, AJAX, <video>... Sciter is free for commercial use"
dotnet,gui,http://emptykeys.com/ui_library, - Multi-platform and multi-engine XAML based user interface library 
dotnet,gui,https://github.com/windows-toolkit/WindowsCommunityToolkit," - The UWP Community Toolkit is a collection of helper functions, custom controls, and app services. It simplifies and demonstrates common developer tasks building UWP apps for Windows 10."
dotnet,gui,https://github.com/jacobslusser/ScintillaNET, - Windows Forms control for the Scintilla text editor component (Scintilla is used by Notepad++)
dotnet,gui,https://github.com/PavelTorgashov/FastColoredTextBox," - Fast Colored TextBox is text editor component for .NET. Allows you to create custom text editor with syntax highlighting. It works well with small, medium, large and very-very large files."
dotnet,gui,https://github.com/AvaloniaUI/Avalonia, - A multi-platform .NET UI framework (formerly known as Perspex).
dotnet,gui,https://github.com/firstfloorsoftware/mui, - Set of controls and styles to convert WPF applications into a great looking Modern UI apps.
dotnet,gui,https://github.com/prasannavl/WinApi," - A simple, direct, ultra-thin CLR library for high-performance Win32 Native Interop with automation, windowing, DirectX, OpenGL and Skia helpers."
dotnet,gui,https://github.com/NeutroniumCore/Neutronium," - Build .NET desktop applications using HTML, CSS, javascript and MVVM bindings such as with WPF."
dotnet,gui,https://github.com/praeclarum/Ooui, - A small cross-platform UI library that brings the simplicity of native UI development to the web
dotnet,html-and-css,https://github.com/AngleSharp/AngleSharp, - Complete HTML5 DOM and CSS3 OM construction
dotnet,html-and-css,https://github.com/dotless/dotless, - .NET port of the Ruby Less CSS lib http://www.dotlesscss.org
dotnet,html-and-css,https://github.com/TylerBrinks/ExCSS, - CSS3 parser library for C#
dotnet,html-and-css,http://fluentbootstrap.com, - Makes the Bootstrap CSS framework easier to use from ASP.NET MVC or WebPages.
dotnet,html-and-css,https://html-agility-pack.net/?z=codeplex, - an agile HTML parser that builds a read/write DOM and supports plain XPath or XSLT
dotnet,html-and-css,https://github.com/Taritsyn/LibSassHost, - .NET wrapper around the 
dotnet,http,https://github.com/restsharp/RestSharp, - Simpliest Fluent REST client for .NET.
dotnet,http,https://github.com/haf/Http.fs, - A functional HTTP client for F#.
dotnet,http,https://github.com/restsharp/RestSharp, - Simple REST and HTTP API client for .NET
dotnet,http,https://flurl.io," - Fluent, portable, testable REST/HTTP client library"
dotnet,http,https://github.com/EasyHttp/EasyHttp, - HTTP library for C#
dotnet,http,https://github.com/reactiveui/refit, - The automatic type-safe REST library for Xamarin and .NET
dotnet,http,https://github.com/canton7/RestEase," - Easy-to-use typesafe REST API client library, which is simple and customisable. Heavily inspired by Refit"
dotnet,http,https://github.com/letsar/RestLess, - The automatic type-safe-reflectionless REST API client library for .Net Standard.
dotnet,http,https://github.com/jeffijoe/httpclientgoodies.net, - utilities for working with 
dotnet,ide,https://github.com/VitalElement/AvalonStudio," - An extensible, cross platform IDE written in C# for Embedded C/C++, .NET Core, Avalonia and Typescript"
dotnet,ide,https://github.com/icsharpcode/SharpDevelop, - A free IDE for .NET programming languages
dotnet,ide,https://github.com/mono/monodevelop, - MonoDevelop is a cross-platform IDE mostly aimed at Mono/.NET developers
dotnet,ide,https://visualstudio.microsoft.com/vs/express/, - The free lightweight version of Visual Studio for .NET programming.
dotnet,ide,https://visualstudio.microsoft.com/vs/community/, - A full-featured IDE
dotnet,ide,http://jbe2277.github.io/dotnetpad/, - A simple and fast code editor that makes fun program with C# or Visual Basic.
dotnet,ide,https://code.visualstudio.com/," - Excellent open source editor from Microsoft, based on Electron."
dotnet,ide,http://ionide.io/, - An Atom Editor and Visual Studio Code package suite for cross platform F# development.
dotnet,ide,https://www.jetbrains.com/rider/, - A cross-platform C# IDE based on the IntelliJ platform and ReSharper
dotnet,ide,https://github.com/aelij/RoslynPad, - A simple C# editor based on Roslyn and AvalonEdit.
dotnet,ide,https://consulo.io," - A cross-platform IDE with C# & Java support, fork of IntelliJ IDEA Community Edition"
dotnet,image-processing,https://imageresizing.net/," - Add commands to image URLs to get altered versions in milliseconds. Resizing, editing etc of images in real-time."
dotnet,image-processing,https://github.com/JimBobSquarePants/ImageProcessor, - Open-source .NET library to manipulate images on-the-fly.
dotnet,image-processing,https://github.com/SixLabors/ImageSharp, - Fully managed cross-platform library for processing of image files.
dotnet,image-processing,http://dynamicimage.apphb.com/, - High-performance open-source image manipulation library for ASP.NET.
dotnet,image-processing,https://github.com/drewnoakes/metadata-extractor-dotnet," - Extracts Exif, IPTC, XMP, ICC and other metadata from image files."
dotnet,image-processing,http://www.emgu.com/wiki/index.php/Main_Page, - Cross-platform .NET wrapper for the OpenCV library.
dotnet,image-processing,https://github.com/dajuric/dot-imaging, - Minimalistic .NET imaging portable platform
dotnet,image-processing,https://github.com/dlemstra/Magick.NET, - .NET wrapper for the ImageMagick library.
dotnet,image-processing,https://github.com/shimat/opencvsharp/, - Cross platform wrapper of OpenCV for .NET Framework.
dotnet,image-processing,https://bitbucket.org/Starnick/teximpnet," - A cross-platform .NET Standard library for reading/manipulating/writing image files. The primary focus is to create 2D/3D/Cubemap textures for graphics/game applications, notably to convert images to GPU compressed formats and generate mipmaps.  The library wraps the FreeImage native library to import/export over 30 common image formats, and wraps the Nvidia Texture Tools native library for GPU compression features. It also has a fully featured DDS format importer/exporter written in C#."
dotnet,install-tools,http://wixtoolset.org/, - The most powerful set of tools available to create your Windows installation experience
dotnet,install-tools,https://github.com/squirrel/squirrel.windows," - Squirrel is both a set of tools and a library, to completely manage both installation and updating your desktop Windows application."
dotnet,install-tools,https://github.com/chocolatey/choco, - like 
dotnet,install-tools,https://marketplace.visualstudio.com/items?itemName=TomEnglert.Wax, - An interactive editor for WiX projects.
dotnet,internationalization,https://github.com/turquoiseowl/i18n, - Smart internationalization for ASP.NET MVC
dotnet,internationalization,https://github.com/jeffijoe/MessageFormat.NET, - ICU MessageFormat implementation in .NET lets you write contextual UI messages (PCL library)
dotnet,internationalization,https://github.com/tom-englert/ResXResourceManager, - The most popular free tool to localize all kind of applications with resx-based resources.
dotnet,interoperability,https://github.com/mono/CppSharp, - Tools to surface C++ APIs to C#
dotnet,interoperability,https://github.com/mono/sharpen, - Sharpen is an Eclipse plugin created by db4o that allows you to convert your Java project into C#
dotnet,interoperability,https://github.com/mono/cxxi, - C++ interop framework
dotnet,interoperability,https://github.com/pythonnet/pythonnet, - Python and .NET interop framework
dotnet,interoperability,https://github.com/CodefoundryDE/LegacyWrapper, - LegacyWrapper uses a wrapper process to call DLLs from a process of the opposing architecture (x86 or AMD64).
dotnet,ioc,https://github.com/castleproject/Windsor," - Castle Windsor is best of breed, mature Inversion of Control container available for .NET and Silverlight"
dotnet,ioc,https://github.com/unitycontainer/unity," - Lightweight extensible dependency injection container with support for constructor, property, and method call injection"
dotnet,ioc,https://github.com/autofac/Autofac, - An addictive .NET IoC container
dotnet,ioc,https://bitbucket.org/dadhi/dryioc," - Simple, fast all fully featured IoC container."
dotnet,ioc,https://github.com/ninject/ninject, - The ninja of .NET dependency injectors
dotnet,ioc,https://structuremap.github.io/, - The original IoC/DI Container for .Net
dotnet,ioc,https://github.com/spring-projects/spring-net, - Spring.NET is an open source application framework that makes building  enterprise .NET applications easier
dotnet,ioc,https://github.com/seesharper/LightInject, - A ultra lightweight IoC container
dotnet,ioc,https://github.com/simpleinjector/SimpleInjector," - Simple Injector is an easy-to-use Dependency Injection (DI) library for .NET 4+ that supports Silverlight 4+, Windows Phone 8, Windows 8 including Universal apps and Mono."
dotnet,ioc,https://github.com/aspnet/DependencyInjection, - The default IoC container for ASP.NET Core applications.
dotnet,ioc,https://github.com/khellang/Scrutor, - Assembly scanning extensions for Microsoft.Extensions.DependencyInjection.
dotnet,ioc,https://github.com/Microsoft/vs-mef, - Managed Extensibility Framework (MEF) implementation used by Visual Studio.
dotnet,ioc,https://github.com/grumpydev/TinyIoC," - An easy to use, hassle free, Inversion of Control Container for small projects, libraries and beginners alike."
dotnet,javascript-engines,https://github.com/Microsoft/ClearScript, - A library that makes it easy to add scripting to your .NET applications. It currently supports JavaScript (via V8 and JScript) and VBScript.
dotnet,javascript-engines,https://github.com/tjanczuk/edge," - Run .NET and Node.js code in-process on Windows, macOS, and Linux"
dotnet,javascript-engines,https://github.com/sebastienros/jint, - JavaScript interpreter for .NET which provides full ECMA 5.1 compliance and can run on any .NET platform.
dotnet,javascript-engines,https://github.com/paulbartrum/jurassic, - A implementation of the ECMAScript language and runtime. It aims to provide the best performing and most standards-compliant implementation of JavaScript for .NET.
dotnet,logging,https://github.com/sgryphon/essential-diagnostics, - Extends the inbuilt features of System.Diagnostics namespace to provide flexible logging
dotnet,logging,https://github.com/nlog/NLog/, - NLog - Advanced .NET and Silverlight logging
dotnet,logging,https://github.com/ihtfw/Logazmic, - Open source NLog viewer for Windows
dotnet,logging,https://elmah.github.io/, - Official ELMAH site
dotnet,logging,https://github.com/alexbeletsky/elmah-mvc, - Elmah for MVC
dotnet,logging,http://logary.github.io/," - Logary is a high performance, multi-target logging, metric, tracing and health-check library for Mono and .NET. .NET's answer to DropWizard. Supports many targets, built for micro-services."
dotnet,logging,https://logging.apache.org/log4net/, - The Apache log4net library is a tool to help the programmer output log statements to a variety of output targets
dotnet,logging,https://github.com/getsentry/sentry-dotnet, - .NET SDK for 
dotnet,logging,https://github.com/serilog/serilog, - A no-nonsense logging library for the NoSQL era. Combines the best of traditional and structured diagnostic logging in an easy-to-use package.
dotnet,logging,https://github.com/NickCraver/StackExchange.Exceptional, - Error handler used for the Stack Exchange network
dotnet,logging,https://github.com/MicrosoftArchive/semantic-logging," - Extends the inbuilt features of System.Diagnostics.Tracing namespace (EventSource class) to log to several sinks including Azure Tables, Databases, files (JSON, XML, text). Supports in-process and out-of-process logging through ETW, and Rx for real-time filtering/aggregating of events."
dotnet,logging,https://github.com/FoundatioFx/Foundatio#logging, - A fluent logging API that can be used to log messages throughout your application.
dotnet,logging,https://github.com/exceptionless/Exceptionless.Net, - Exceptionless .NET Client
dotnet,logging,https://onloupe.com, - Centralized .NET logging and monitoring. 
dotnet,logging,https://elmah.io," - Cloud logging for .NET web applications using ELMAH. Find bugs before you go live. Powerful search, API, integration with Slack, GitHub, Visual Studio and more. "
dotnet,logging,https://docs.bugsnag.com/platforms/dotnet/," - Logs errors. Includes useful diagnostic info like stack trace, session, release, etc. Has a free tier. "
dotnet,machine-learning-and-data-science,https://dotnet.github.io/infer/, - A framework for running Bayesian inference in graphical models. It can also be used for probabilistic programming.
dotnet,machine-learning-and-data-science,http://accord-framework.net/," - Machine learning framework combined with audio and image processing libraries (computer vision, computer audition, signal processing and statistics)."
dotnet,machine-learning-and-data-science,https://github.com/dajuric/accord-net-extensions, - Advanced image processing and computer vision algorithms made as fluent extensions.
dotnet,machine-learning-and-data-science,http://www.aforgenet.com/," - Framework for developers and researchers in the fields of Computer Vision and Artificial Intelligence (image processing, neural networks, genetic algorithms, machine learning, robotics)."
dotnet,machine-learning-and-data-science,http://bluemountaincapital.github.io/Deedle/, - Data frame and (time) series library for exploratory data manipulation with C# and F# support
dotnet,machine-learning-and-data-science,https://fslab.org/, - A collection of data science and machine learning libraries for F# and .NET
dotnet,machine-learning-and-data-science,https://github.com/giacomelli/GeneticSharp," - Multi-platform genetic algorithm library for .NET Core and .NET Framework. The library has several implementations of GA operators, like: selection, crossover, mutation, reinsertion and termination."
dotnet,machine-learning-and-data-science,https://github.com/sethjuarez/numl, - Designed to include the most popular supervised and unsupervised learning algorithms while minimizing the friction involved with creating the predictive models.
dotnet,machine-learning-and-data-science,https://github.com/dotnet/machinelearning, - Cross-platform open-source machine learning framework which makes machine learning accessible to .NET developers.
dotnet,machine-learning-and-data-science,http://bluemountaincapital.github.io/FSharpRProvider/, - Type provider that exposes R packages and functions in a type-safe way to F# callers
dotnet,machine-learning-and-data-science,http://fsharp.github.io/FSharp.Data/," - F# type providers for accessing XML, JSON, CSV and HTML files (based on sample documents) and for accessing WorldBank data"
dotnet,machine-learning-and-data-science,https://github.com/Spreads/Spreads/, - Series and Panels for Real-time and Exploratory Analysis of Data Streams. Spreads library is optimized for performance and memory usage. It is several times faster than other open source projects.
dotnet,markdown-processors,https://code.google.com/archive/p/markdownsharp," - Open source C# implementation of Markdown processor, as featured on Stack Overflow."
dotnet,markdown-processors,http://fsprojects.github.io/FSharp.Formatting/, - Tools for documenting F# and C# projects.  The library contains extensible Markdown parser as a core component.
dotnet,markdown-processors,https://github.com/Knagis/CommonMark.NET, - Implementation of CommonMark specification in C# for converting Markdown documents to HTML. Optimized for maximum performance and portability.
dotnet,markdown-processors,https://github.com/lunet-io/markdig," - A fast, powerful, CommonMark compliant, extensible Markdown processor for .NET."
dotnet,mail,https://github.com/lukencode/FluentEmail, - A fluent wrapper for System.Net.Mail with Razor templating support.
dotnet,mail,https://github.com/jstedfast/MailKit," - A complete cross-platform mail stack including IMAP, POP3, SMTP, authentication and more. Built on top of MimeKit."
dotnet,mail,https://github.com/jstedfast/MimeKit," - A cross-platform .NET MIME creation and parser library with support for S/MIME, PGP, TNEF and Unix mbox spools."
dotnet,mail,https://github.com/milkshakesoftware/PreMailer.Net," - C# library that moves your stylesheets to inline style attributes, for maximum compatibility with e-mail clients."
dotnet,mail,https://github.com/Jericho/StrongGrid," - Client for SendGrid's v3 API. Not only allows you to send emails, but also allows you to bulk import contacts, manage lists and segments, create custom fields for your lists, etc. Also includes a parser for SendGrid Webhooks."
dotnet,mathematics,https://www.mathdotnet.com/," - Math.NET is an open source initiative to build and maintain toolkits covering fundamental mathematics, targetting advanced but also every day needs of .NET developers"
dotnet,mathematics,https://github.com/Microsoft/automatic-graph-layout, - A set of tools for graph layout and viewing.
dotnet,mathematics,https://github.com/gkampolis/UnitConversion, - Expansible Unit Conversion Library for .NET Core and .NET Framework
dotnet,mathematics,http://www.alglib.net/," - ALGLIB is a cross-platform numerical analysis and data processing library. It supports several programming languages (C++, C#, Delphi) and several operating systems (Windows and POSIX, including Linux) "
dotnet,mathematics,https://github.com/alexshtf/autodiff, - AutoDiff is a library for quickly computing gradients of functions defined by expressions. Mainly useful in numerical optimization
dotnet,mathematics,https://github.com/RiSearcher/GeometRi, - Simple and lightweight computational geometry library for .Net
dotnet,media,https://github.com/filoe/cscore," - An advanced audio library, supporting playback/recording, decoding/encoding and processing of audio data in realtime (effects, visualizations, ...)."
dotnet,media,https://github.com/mono/taglib-sharp," - TagLib# (aka taglib-sharp) is a library for reading and writing
metadata in media files, including video, audio, and photo formats"
dotnet,media,https://github.com/videolan/libvlcsharp," - Xamarin bindings for libvlc, the multimedia framework powering the VLC applications made by VideoLAN."
dotnet,media,https://github.com/naudio/NAudio," - Playback, decode and encode audio in a variety of file formats such as MP3, MP4, WAV, AIFF, Speex, etc."
dotnet,media,https://github.com/tomaszzmuda/Xabe.FFmpeg," - .NET Standard wrapper for FFmpeg. It allows to process media without know how FFmpeg works, and can be used to pass customized arguments to FFmpeg from C# application. "
dotnet,metrics,https://github.com/Pereingo/statsd-csharp-client, - C# client for Etsy's StatsD
dotnet,metrics,https://github.com/FoundatioFx/Foundatio#metrics," - A common interface with in-memory, Redis, StatsD, and Metrics.NET implementations."
dotnet,micro-framework,https://github.com/NETMF/netmf-interpreter, - Microsoft® .NET Micro Framework (NETMF) for developing embedded applications on small devices using Visual Studio
dotnet,minification,https://archive.codeplex.com/?p=ajaxmin," - Contains JS and CSS minifiers which have a highest performance, because its have been specifically designed for .NET. Optionally produce Source Maps for JS code."
dotnet,minification,https://github.com/Taritsyn/WebMarkupMin," - .NET library that contains a set of markup minifiers. The objective of this project is to improve the performance of web applications by reducing the size of HTML, XHTML and XML code."
dotnet,misc,http://csharppad.com, - A web-based C# REPL with awesome code completion.
dotnet,misc,https://github.com/yagopv/AzureCrawler," - Take HTML Snapshots for your Angular, Ember, Durandal or any JavaScript applications"
dotnet,misc,http://www.csscript.net/," - CS-Script is a CLR based scripting system which uses C# as a programming language. CS-Script currently targets Microsoft implementation of CLR (.NET 2.0/3.0/3.5/4.0/4.5) with full support on Mono. Comes with many additional features, such as script hosting."
dotnet,misc,https://github.com/JoshClose/CsvHelper, - Library to help reading and writing CSV files https://github.com/JoshClose/CsvHelper
dotnet,misc,https://github.com/minhhungit/ConsoleTableExt, - Fluent library to create table for .Net console application.
dotnet,misc,https://github.com/joaomatossilva/FlatMapper, - A library to import and export data from and to plain text files in a LINQ-compatible way.
dotnet,misc,https://github.com/JeremySkinner/FluentValidation, - A small validation library for .NET that uses a fluent interface and lambda expressions for building validation rules.
dotnet,misc,https://github.com/valit-stack/Valit," - Valit is dead simple, fluent validation for .NET Core."
dotnet,misc,https://github.com/Humanizr/Humanizer," - Humanizer meets all your .NET needs for manipulating and displaying strings, enums, dates, times, timespans, numbers and quantities"
dotnet,misc,https://www.linqpad.net," - a C#/VB/F# scratchpad that instantly executes any expression, statement block or program with rich output formatting and a wealth of features. Also lets you interactively query databases in LINQ. [$]"
dotnet,misc,https://github.com/App-vNext/Polly," - Express transient-exception-handling and resilience policies such as Retry, Wait-and-Retry, Circuit Breaker, and Bulkhead Isolation in a fluent manner. Fully thread-safe and full async support.  (4.0 / 4.5 / .NET Core / .NET Standard / Xamarin)."
dotnet,misc,https://github.com/TheBerkin/Rant, - The Rant Procedural Text Generation DSL https://berkin.me/rant/
dotnet,misc,https://github.com/scriptcs/scriptcs," - Write C# apps with a text editor, NuGet and the power of Roslyn!"
dotnet,misc,https://github.com/jbakic/Shielded, - Software Transactional Memory (STM) implementation for .NET
dotnet,misc,https://archive.codeplex.com/?p=ilmergemsbuild, - MSBuild ILMerge task is a NuGet package allows you to use the famous ILMerge utility in automated builds and/or Visual Studio projects.
dotnet,misc,https://github.com/reactjs/React.NET, - ReactJS.NET is a library that makes it easier to use Babel along with Facebook's React and JSX from C#.
dotnet,misc,https://github.com/AdaptiveConsulting/Aeron.NET," - Efficient reliable UDP unicast, UDP multicast, and IPC message transport - .NET port of Aeron"
dotnet,misc,https://github.com/eiriktsarpalis/TypeShape," - TypeShape is a small, extensible F# library for practical generic programming"
dotnet,misc,https://github.com/nessos/Streams, - A lightweight F#/C# library for efficient functional-style pipelines on streams of data.
dotnet,misc,https://github.com/warden-stack/Warden," - Define ""health checks"" for your applications, resources and infrastructure. Keep your Warden on the watch"
dotnet,misc,https://github.com/omar/ByteSize, - ByteSize is a utility class that makes byte size representation in code easier by removing ambiguity of the value being represented. ByteSize is to bytes what System.TimeSpan is to time.
dotnet,misc,https://github.com/anakic/jot, - a library for persisting and restoring application state (a better alternative to .settings files).
dotnet,misc,https://github.com/TylerBrinkley/Enums.NET, - Enums.NET is a high-performance type-safe .NET enum utility library
dotnet,misc,https://github.com/mikeobrien/HidLibrary, - This library enables you to enumerate and communicate with Hid compatible USB devices in .NET.
dotnet,misc,https://github.com/jozefizso/SystemWrapper, - SystemWrapper is .NET library for easier testing of system APIs.
dotnet,misc,https://github.com/sprache/Sprache," - A simple, lightweight library for constructing parsers directly in C# code"
dotnet,misc,https://github.com/Tyrrrz/YoutubeExplode, - Ultimate library for extracting metadata and downloading Youtube videos and playlists.
dotnet,misc,https://github.com/MatthewKing/DeviceId, - Generate a 'device ID' that can be used to uniquely identify a computer.
dotnet,misc,https://github.com/totpero/DeviceDetector.NET," - The Universal Device Detection library will parse any User Agent and detect the browser, operating system, device used (desktop, tablet, mobile, tv, cars, console, etc.), brand and model."
dotnet,mvvm,https://github.com/Caliburn-Micro/Caliburn.Micro," - A small, yet powerful framework, designed for building applications across all XAML platforms. Its strong support for MV* patterns will enable you to build your solution quickly, without the need to sacrifice code quality or testability."
dotnet,mvvm,https://github.com/lbugnion/mvvmlight," - The main purpose of the toolkit is to accelerate the creation and development of MVVM applications in WPF, Silverlight, Windows Store (RT) and for Windows Phone"
dotnet,mvvm,https://www.catelproject.com/," - Catel is an application development platform with the focus on MVVM (WPF, Silverlight, Windows Phone and WinRT) and MVC (ASP.NET MVC). The core of Catel contains an IoC container, models, validation, memento, message mediator, argument checking, etc."
dotnet,mvvm,http://updatecontrols.net/cs/, - Update Controls does not require that you implement 
dotnet,mvvm,https://github.com/reactiveui/reactiveui/," - An MVVM framework for .NET that integrates the Reactive Extensions (Rx) framework, enabling developers to build elegant, testable applications using WPF, Windows Store Apps, WP8 or Xamarin."
dotnet,mvvm,http://okraframework.github.io," - An app centric MVVM framework for Windows 8.1 built with dependency injection in mind, including a full set of Visual Studio MVVM templates."
dotnet,mvvm,https://github.com/PrismLibrary/Prism, - A cross-platform desktop and mobile MVVM development framework.
dotnet,mvvm,https://github.com/jbe2277/waf, - A lightweight Framework that helps you to create well structured WPF and UWP Applications. It supports you in applying a Layered Architecture and the Model-View-ViewModel pattern.
dotnet,mvvm,https://github.com/MvvmCross/MvvmCross," - Cross-platform mvvm mobile development framework for WPF, Silverlight for WP7 and WP8, Mono for Android, MonoTouch for iOS, Windows Universal projects (WPA8.1 and Windows 8.1 Store apps). Makes extensive use of Portable Class Libraries (PCL) to provide maintainable cross platform C# native applications."
dotnet,mvvm,https://github.com/canton7/stylet/," - Minimal MVVM framework inspired by Caliburn Micro, with good documentation, high test coverage, and its own IoC container"
dotnet,mvvm,https://github.com/tgjones/gemini," - IDE framework similar in concept to the Visual Studio Shell. Built on WPF, AvalonDock, and Caliburn Micro."
dotnet,mvvm,https://github.com/tom-englert/TomsToolbox, - Visual Composition framework to easily build modularized MVVM applications based on the 
dotnet,mvvm,https://github.com/FantasticFiasco/mvvm-dialogs, - Framework simplifying the concept of opening dialogs from a view model when using MVVM in WPF or UWP.
dotnet,object-to-object-mapping,https://github.com/AutoMapper/AutoMapper, - A convention-based object-object mapper in .NET. http://automapper.org
dotnet,object-to-object-mapping,https://github.com/TinyMapper/TinyMapper, - A tiny and quick object mapper for .NET.
dotnet,object-to-object-mapping,https://github.com/fluentsprings/ExpressMapper," - A lightweight, lighting fast .NET mapper to map one type of object(s) to another in automated and easy way. ExpressMapper relies completely on the expression trees."
dotnet,object-to-object-mapping,https://github.com/agileobjects/AgileMapper, - A zero-configuration Object-Object mapper supporting .NET Standard 1.0
dotnet,office,https://github.com/Excel-DNA/ExcelDna," - ExcelDna makes it easier to create and deploy Excel Add-Ins using C#, F# or VB .NET"
dotnet,office,https://github.com/ClosedXML/ClosedXML, - ClosedXML makes it easier for developers to create Excel 2007/2010 files
dotnet,office,https://github.com/tonyqus/npoi, - This project is the .NET version of POI Java project at http://poi.apache.org/.
dotnet,office,https://github.com/JanKallman/EPPlus, - EPPlus is a .NET library that reads and writes Excel 2007/2010 files using the Open Office XML format (xlsx).
dotnet,office,https://github.com/officedev/open-xml-sdk," - The Open XML SDK provides open-source libraries for working with Open XML Documents (DOCX, XLSX, and PPTX)."
dotnet,office,https://github.com/xceedsoftware/DocX," - DocX is a .NET library that allows developers to manipulate Word 2007/2010/2013 files, it does not require Microsoft Word or Office to be installed."
dotnet,office,https://github.com/ExcelDataReader/ExcelDataReader, - Lightweight and fast library written in C# for reading Microsoft Excel files (2.0-2007).
dotnet,office,https://github.com/NetOfficeFw/NetOffice, - .NET wrapper assemblies for Microsoft Office applications.
dotnet,orm,https://github.com/aspnet/EntityFramework6, - Object-relational mapper that enables .NET developers to work with relational data using domain-specific objects
dotnet,orm,https://github.com/aspnet/EntityFrameworkCore, - Object-relational mapper that enables .NET developers to work with relational data using domain-specific objects
dotnet,orm,https://github.com/StackExchange/Dapper, - A simple object mapper for .NET by 
dotnet,orm,https://github.com/tmsmith/Dapper-Extensions," - Small library that complements Dapper by adding basic CRUD operations (Get, Insert, Update, Delete) for your POCOs"
dotnet,orm,https://github.com/MoonStorm/Dapper.FastCRUD, - The fastest micro-ORM extension for Dapper
dotnet,orm,https://github.com/nhibernate, - NHibernate Object Relational Mapper
dotnet,orm,https://github.com/FluentNHibernate/fluent-nhibernate," - Fluent, XML-less, compile safe, automated, convention-based mappings for NHibernate."
dotnet,orm,https://github.com/fluentmigrator/fluentmigrator, - Fluent Migrations framework for .net
dotnet,orm,https://github.com/ServiceStack/ServiceStack.OrmLite," - Light, simple and fast convention-based POCO ORM "
dotnet,orm,https://github.com/FransBouma/Massive," - A small, happy, data access tool that will love you forever."
dotnet,orm,https://github.com/linq2db/linq2db," - The fastest LINQ database access library offering a simple, light, fast, and type-safe layer between your POCO objects and your database."
dotnet,orm,https://github.com/TrevorPilley/MicroLite," MicroLite ORM is a micro Object Relational Mapper for the .NET framework. It is designed to be easy to use, extensible and testable."
dotnet,orm,https://github.com/CollaboratingPlatypus/PetaPoco, - A tiny ORM-ish thing for your POCOs
dotnet,orm,https://github.com/tmenier/AsyncPoco," - A long-""awaited"" fully asynchronous PetaPoco fork"
dotnet,orm,https://github.com/schotime/NPoco, - Simple microORM that maps the results of a query onto a POCO object. Based on Schotime's branch of PetaPoco
dotnet,orm,https://github.com/Nick-Lucas/LimeBean, - Hybrid ORM which uses SQL fragments and doesn't require Model Classes.
dotnet,orm,https://www.llblgen.com," - Entity Modeling solution for Entity Framework, NHibernate, Linq to SQL and its own ORM framework: LLBLGen Pro Runtime Framework. "
dotnet,orm,https://github.com/jonwagner/Insight.Database," - Insight.Database is a fast, lightweight, micro-ORM for .NET"
dotnet,orm,https://maxtoroq.github.io/DbExtensions/," - Data-access framework with a strong focus on query composition, granularity and code aesthetics."
dotnet,orm,https://github.com/Ahoo-Wang/SmartSql, - SmartSql = MyBatis + Cache（Memory | Redis）+ ZooKeeper + R / W Splitting + Dynamic Repository ....
dotnet,package-management,https://www.nuget.org/, - The .NET package manager
dotnet,package-management,https://www.myget.org/," - Hosted Package Repository for NuGet, NPM, Bower and VSIX. Also provides CI as-a-Service. "
dotnet,package-management,https://github.com/fsprojects/Paket, - A package dependency manager for .NET with support for NuGet packages and GitHub repositories. http://fsprojects.github.io/Paket/
dotnet,pdf,https://github.com/itext/itextsharp," - iText is a PDF library that allows you to CREATE, ADAPT, INSPECT and MAINTAIN documents in the Portable Document Format (PDF)"
dotnet,pdf,https://github.com/pvginkel/PdfiumViewer, - PdfiumViewer is a PDF viewer based on the PDFium project.
dotnet,pdf,https://github.com/codaxy/wkhtmltopdf, - C# wrapper around wkhtmltopdf console utility. Allow to generate preety PDF using HTML and CSS.
dotnet,pdf,https://pdfium.patagames.com/c-pdf-library/," - Advanced C# PDF library for render, create, edit, merge, split, print, and view PDFs. Open source PDF Viewer is available on "
dotnet,profiler,https://github.com/MiniProfiler/dotnet, - A simple but effective mini-profiler for ASP.NET websites
dotnet,profiler,https://github.com/glimpse/glimpse, - The open source diagnostics platform for the web
dotnet,protocols,https://github.com/sshnet/SSH.NET," - A Secure Shell (SSH) library for .NET, optimized for parallelism. Provides SSH commands, SFTP/SCP uploads and downloads, and SOCKS4/SOCKS5/HTTP proxies."
dotnet,protocols,https://github.com/robinrodricks/FluentFTP," - An FTP and FTPS library for .NET, optimized for speed. Provides extensive FTP commands, file uploads/downloads and FTP proxies."
dotnet,protocols,https://docs.sharpsnmp.com/," - An open source SNMP implementation for .NET/Mono/Xamarin. Versioin 1, 2c, and 3 are supported."
dotnet,protocols,https://github.com/kapetan/dns, - A library for parsing and serializing DNS messages. Includes a basic DNS client and server.
dotnet,push-notifications,https://github.com/Redth/PushSharp," - A server-side library for sending Push Notifications to iOS, OSX, Android, Chrome, Windows Phone, Windows 8, Blackberry, and Amazon devices."
dotnet,query-builders,https://sqlkata.com," - Elegant SQL query builder, that supports complex queries, joins, sub queries, nested where conditions, vendor engine targets and more"
dotnet,queue,https://github.com/dotnetcore/CAP, - An EventBus with local persistent message functionality for RabbitMQ or Kafka.
dotnet,queue,https://github.com/Particular/NServiceBus, - The most popular service bus for .NET
dotnet,queue,https://github.com/HangfireIO/Hangfire," - Incredibly easy way to perform fire-and-forget, delayed and recurring tasks inside ASP.NET applications"
dotnet,queue,https://github.com/rabbitmq/rabbitmq-dotnet-client," - Implementation of an AMQP client library for C#, and a binding exposing AMQP services via WCF"
dotnet,queue,https://github.com/zeromq/netmq, - NetMQ is 100% native C# port of ZeroMQ
dotnet,queue,https://github.com/MassTransit/MassTransit, - MassTransit is lean service bus implementation for building loosely coupled applications using the .NET Framework.
dotnet,queue,https://github.com/rebus-org/Rebus," - Rebus is a lean service bus implementation for .NET, similar in nature to NServiceBus and MassTransit, only leaner"
dotnet,queue,https://github.com/tenor/RestBus, - A service-oriented .NET messaging library for RabbitMQ.
dotnet,queue,https://github.com/pardahlman/RawRabbit, - A modern .NET Core library for RabbitMQ.
dotnet,queue,https://github.com/EasyNetQ/EasyNetQ, - An easy to use .NET API for RabbitMQ
dotnet,queue,https://github.com/Warewolf-ESB/Warewolf, - An easy to use service bus and microservices platform. Easily build applications and services in a visual IDE.
dotnet,queue,https://github.com/Microsoft/CSharpClient-for-Kafka, - .NET implementation of the Apache Kafka Protocol that provides basic functionality through Producer/Consumer classes.
dotnet,queue,https://github.com/FoundatioFx/Foundatio#queues," - A common interface with in-memory, Redis and Azure implementations."
dotnet,queue,https://github.com/jet/kafunk, - F# Kafka client from Jet
dotnet,queue,https://github.com/BrighterCommand/Brighter," - Command Dispatcher, Processor, and Distributed Task Queue https://www.goparamore.io/"
dotnet,reactive-programming,https://github.com/dotnet/reactive, - The Reactive Extensions (Rx) is a library for composing asynchronous and event-based programs using observable sequences and LINQ-style query operators
dotnet,reactive-programming,https://github.com/RolandPheasant/DynamicData, - Reactive Extensions (Rx) for collections
dotnet,scheduling,https://github.com/fluentscheduler/FluentScheduler, - Task scheduler with fluent interface that runs automated jobs from your application
dotnet,scheduling,https://github.com/atifaziz/NCrontab, - Class library for parsing & formatting 
dotnet,scheduling,https://github.com/quartznet/quartznet, - Quartz Enterprise Scheduler .NET
dotnet,scheduling,https://github.com/HangfireIO," - An easy way to perform fire-and-forget, delayed and recurring tasks inside .NET apps"
dotnet,scheduling,https://github.com/leosperry/Chroniton," - A simple, fully integrable, and customizable library for running strongly typed jobs (tasks) on schedules."
dotnet,scheduling,https://github.com/Azure/durabletask, - This framework allows users to write long running persistent workflows in C# using the async/await capabilities.
dotnet,scheduling,https://github.com/aelassas/Wexflow, - An extensible workflow engine with a cross-platform manager and designer.
dotnet,sdk-and-api-clients,https://github.com/aws/aws-sdk-net, - The AWS SDK for .NET enables .NET developers to easily work with Amazon Web Services
dotnet,sdk-and-api-clients,https://github.com/Azure/azure-powershell," - A set of PowerShell cmdlets for developers and administrators to develop, deploy and manage Microsoft Azure applications"
dotnet,sdk-and-api-clients,https://github.com/Countly/countly-sdk-windows/, - Windows SDK for Countly analytics and marketing platform for product and marketing managers
dotnet,sdk-and-api-clients,https://github.com/octokit/octokit.net, - A GitHub API client library for .NET
dotnet,sdk-and-api-clients,https://github.com/DropNet/DropNet, - Client library for the Dropbox API
dotnet,sdk-and-api-clients,https://github.com/gettyimages/gettyimages-api_dotnet, - SDK for the Getty Images and iStock APIs
dotnet,search,https://github.com/elastic/elasticsearch-net, - Elasticsearch.Net & NEST
dotnet,search,https://github.com/Yegoroff/PlainElastic.Net, - Plain .NET client for ElasticSearch
dotnet,search,https://github.com/SolrNet/SolrNet, - Solr client for .NET
dotnet,search,https://github.com/solr-express/solr-express,") - A simple and lightweight query .NET library for Solr, in a controlled, buildable and fail fast way"
dotnet,search,http://lucenenet.apache.org/," - Lucene.Net is a port of the Lucene search engine library, written in C# and targeted at .NET runtime users"
dotnet,serialization,https://github.com/mgravell/protobuf-net, - Protocol buffers is the name of the binary serialization format used by Google for much of their data communications
dotnet,serialization,https://github.com/JamesNK/Newtonsoft.Json, - Popular high-performance JSON framework for .NET
dotnet,serialization,https://github.com/ServiceStack/ServiceStack.Text," - JSON, JSV and CSV Text Serializers used in servicestack.net"
dotnet,serialization,https://github.com/msgpack/msgpack-cli, - MessagePack implementation for Common Language Infrastructure
dotnet,serialization,https://github.com/kevin-montrose/Jil," - Fast .NET JSON serializer, built on Sigil (used by StackOverflow)"
dotnet,serialization,https://github.com/hultqvist/ProtoBuf, - Generate C# code for protocol buffer serialization from a .proto specification.
dotnet,serialization,http://fsharp.github.io/FSharp.Data/," - F# type providers for accessing XML, JSON, CSV and HTML files (based on sample documents) and for accessing WorldBank data"
dotnet,serialization,https://github.com/Microsoft/bond, - cross-platform framework for working with schematized data. It supports cross-language de/serialization and powerful generic mechanisms for efficiently manipulating data.
dotnet,serialization,https://github.com/akkadotnet/Hyperion, - A high performance polymorphic serializer for the .NET framework.
dotnet,serialization,https://github.com/MarcosMeli/FileHelpers," - free and easy to use .NET library to import or export data from fixed length or delimited records in files, strings or streams."
dotnet,serialization,https://github.com/mbraceproject/FsPickler, - A fast multi-format message serializer for .NET
dotnet,serialization,https://github.com/antmicro/Migrant, - Fast and flexible serialization framework usable on undecorated classes.
dotnet,serialization,https://github.com/neuecc/Utf8Json," - Fast and Zero Allocation JSON Serializer for C#(.NET, .NET Core, Unity and Xamarin), this serializer write/read directly to UTF8 binary so boostup performance."
dotnet,sms-and-phone-calls,https://github.com/twilio/twilio-csharp, - A C#/.NET Library for sending and receiving phone calls and text messages with Twilio.
dotnet,state-machines,https://github.com/dotnet-state-machine/stateless, - Create state machines and lightweight state machine-based workflows directly in .NET code
dotnet,state-machines,https://github.com/MassTransit/Automatonymous, - A state machine library for .NET - allows you to write fluent style state machines
dotnet,state-machines,http://www.appccelerate.com/statemachine.html, - A powerful state machine library - configured with a fluent API and synchrounous and asynchronous state transition support
dotnet,state-machines,https://github.com/prasannavl/LiquidState, - Efficient asynchronous and synchronous state machines for .NET
dotnet,static-site-generators,https://github.com/fsprojects/FsBlog/," - Blog aware, static site generation using F#"
dotnet,static-site-generators,https://github.com/Code52/pretzel, - A site generation tool (and then some) for .NET platforms
dotnet,static-site-generators,https://github.com/Sandra/Sandra.Snow, - Jekyll-inspired static site generation for .NET
dotnet,static-site-generators,https://wyam.io/," - A simple to use, highly modular, and extremely configurable static content generator"
dotnet,style-guide,https://stackoverflow.com/questions/4678178/style-guide-for-c, - StackOverflow Q & A on style guides
dotnet,style-guide,https://docs.microsoft.com/en-us/dotnet/csharp/programming-guide/inside-a-program/coding-conventions, - Official MSDN C# code conventions
dotnet,template-engine,https://github.com/Antaris/RazorEngine, - Open source templating engine based on Microsoft's Razor parsing engine
dotnet,template-engine,https://github.com/toddams/RazorLight, - Open source template engine based on Microsoft's Razor parsing engine supporting .NET Standard 2.0
dotnet,template-engine,https://github.com/jdiamond/Nustache, - Open source library for logic-less templates
dotnet,template-engine,https://github.com/stubbleorg/stubble, - Trimmed down {{mustache}} templates in .NET. Successor of Nustache.
dotnet,template-engine,https://github.com/dotliquid/dotliquid, - C# port of the Ruby Liquid templating language
dotnet,template-engine,https://github.com/jehugaleahsa/mustache-sharp, - An extension of the mustache text template engine for .NET.
dotnet,testing,https://github.com/AutoFixture/AutoFixture, - AutoFixture is an open source framework for .NET designed to minimize the 'Arrange' phase of your unit tests
dotnet,testing,https://github.com/TestStack/TestStack.BDDfy, - BDDfy is the simplest BDD framework EVER!
dotnet,testing,https://github.com/bchavez/Bogus, - A simple and sane fake data generator for C#. Based on and ported from the famed faker.js.
dotnet,testing,https://github.com/EamonNerbonne/ExpressionToCode, - Use plain C# syntax in assertions that include both the expression expression and subexpression values in the failure message.
dotnet,testing,https://github.com/FakeItEasy/FakeItEasy, - The easy mocking library for .NET https://fakeiteasy.github.io
dotnet,testing,https://github.com/fluentassertions/fluentassertions, - A set of .NET extension methods that allow you to more naturally specify the expected outcome of a TDD or BDD-style test
dotnet,testing,https://github.com/stirno/FluentAutomation, - Simple Fluent API for UI Automation
dotnet,testing,https://github.com/fscheck/FsCheck, - Random Testing for .NET.
dotnet,testing,https://github.com/mausch/Fuchu, - A unit-testing library for F# with tests-as-values which makes DSLs extemely easy to create.
dotnet,testing,https://github.com/machine/machine.specifications, - Machine.Specifications (MSpec) is a context/specification framework that removes language noise and simplifies tests.
dotnet,testing,https://github.com/Moq/moq4, - The most popular and friendly mocking framework for .NET
dotnet,testing,https://github.com/garethdown44/nbuilder, - Rapid generation of test objects
dotnet,testing,https://www.ncrunch.net/, - An automated continuous & concurrent testing tool for Visual Studio. 
dotnet,testing,http://nsubstitute.github.io/, - A friendly substitute for .NET mocking frameworks
dotnet,testing,https://github.com/nunit/nunit, - A unit-testing framework for all .NET languages
dotnet,testing,https://github.com/ayende/rhino-mocks, - Dynamic Mocking Framework for .NET
dotnet,testing,https://github.com/shouldly/shouldly, - Shouldly is an assertion framework which focuses on giving great error messages when the assertion fails while being simple and terse.
dotnet,testing,https://github.com/techtalk/SpecFlow/, - Binding business requirements to .Net code
dotnet,testing,https://github.com/xbehave/xbehave.net, - An xUnit.net extension for describing your tests using natural language. 
dotnet,testing,https://github.com/xunit/xunit," - A free, open source, community-focused unit testing tool for the .NET Framework. "
dotnet,testing,https://github.com/lefthandedgoat/canopy," - Canopy is a free, open source F# web automation and testing framework"
dotnet,testing,https://github.com/haf/expecto," - A smooth testing framework for F# with tests as values. Unit testing, property based testing, performance testing and stress testing."
dotnet,tools,https://www.telerik.com/fiddler," -  The free web debugging proxy for any browser, system or platform"
dotnet,tools,https://github.com/OpenLiveWriter/OpenLiveWriter," - Blog writer which integrated with WordPress, Blogger, et. al. Open Live Writer makes it easy to write, preview, and post to your blog. For more information see http://openlivewriter.org ."
dotnet,tools,https://github.com/CodeHubApp/CodeHub, - CodeHub is the best way to browse and maintain your GitHub repositories on any iOS device!
dotnet,tools,https://github.com/ShareX/ShareX," - ShareX is a free and open source program that lets you capture or record any area of your screen and share it with a single press of a key. It also allows uploading images, text or other types of files to over 80 supported destinations you can choose from."
dotnet,tools,https://github.com/cedrozor/myrtille," - A native HTML4/5 Remote Desktop Protocol client, HTTP gateway written in C# for .NET"
dotnet,tools,https://github.com/Opserver/Opserver, - Stack Exchange's Monitoring System
dotnet,tools,https://catlight.io, - Build status notifications for TFS/Jenkins/Travis/Appveyor. Cross-platform desktop app based on .NET Core and Electron. 
dotnet,tools,https://github.com/hallatore/Netling, - A load tester client for easy web testing. It is extremely fast while using little CPU or memory.
dotnet,tools,https://github.com/ChangemakerStudios/Papercut, - Papercut is an open source (.NET based) test email viewer that runs locally with a built-in SMTP server designed to receive and notify of test email messages.
dotnet,tools,https://github.com/Microsoft/VisualStudioUninstaller, - Uninstall and clean up all components of Visual Studio.
dotnet,tools,https://github.com/ttu/dotnet-fake-json-server," - Fake REST API for prototyping or as a CRUD Back End. No need to define types, uses dynamic typing. Data is stored to a single JSON file. Has authentication, WebSocket notifications, async long running operations, random generation for errors/delays and experimental GraphQL support."
dotnet,tools,https://github.com/bergmeister/posh-dotnet, - 
dotnet,trading,https://github.com/QuantConnect/Lean, - Lean Engine is an open-source fully managed C# algorithmic trading engine built for desktop and cloud usage. https://www.quantconnect.com/lean/
dotnet,trading,https://github.com/StockSharp/StockSharp," - Trading and algorithmic trading open source platform (stock markets, forex, bitcoins and options). http://stocksharp.com"
dotnet,ui-automation,https://github.com/atata-framework/atata, - Automated web testing full featured framework based on Selenium WebDriver.
dotnet,ui-automation,http://mwinapi.sourceforge.net/, - Introspect and automate third-party Windows / VC++ applications without needing its source code.
dotnet,ui-automation,https://github.com/Roemer/FlaUI," - FlaUI is a .NET library which helps with automated UI testing of Windows applications (Win32, WinForms, WPF, Store Apps, ...)."
dotnet,visual-studio-plugins,https://github.com/madskristensen/WebEssentials2013, - Web Essentials extends Visual Studio with lots of new features that web developers have been missing for many years
dotnet,visual-studio-plugins,https://github.com/jaredpar/VsVim, - VIM in Visual Studio
dotnet,visual-studio-plugins,https://marketplace.visualstudio.com/items?itemName=NuGetTeam.NuGetPackageManager, - NuGet is the package manager for the Microsoft development platform including .NET
dotnet,visual-studio-plugins,https://github.com/ligershark/side-waffle, - A collection of Item Templates for Visual Studio 2012/2013 that makes any web developer's life much easier
dotnet,visual-studio-plugins,http://www.jetbrains.com/resharper/, - Developer Productivity Tool for Visual Studio 
dotnet,visual-studio-plugins,http://vsrefactoringessentials.com/," - Open source extension for C# and VB.NET refactorings, including code best practice analyzers."
dotnet,visual-studio-plugins,https://github.com/Microsoft/CodeContracts, - Source code for the CodeContracts tools for .NET
dotnet,visual-studio-plugins,https://github.com/laurentkempe/GitDiffMargin, - Displays live Git changes of the currently edited file on Visual Studio margin and scroll bar
dotnet,visual-studio-plugins,https://marketplace.visualstudio.com/items?itemName=VisualStudioProductTeam.ProductivityPowerTools, - A set of extensions to Visual Studio Professional (and above) which improves developer productivity.
dotnet,visual-studio-plugins,https://marketplace.visualstudio.com/items?itemName=MikeWard-AnnArbor.VSColorOutput," - Color highlighting for Build, Find and Debug output windows. Custom match patterns and colors can be added."
dotnet,visual-studio-plugins,https://marketplace.visualstudio.com/items?itemName=VisualStudioPlatformTeam.DeveloperAssistant, - Developer Assistant for Visual Studio enables developers to find and reuse over 21 million code snippets and code sample projects from within the Visual Studio IDE.
dotnet,visual-studio-plugins,https://marketplace.visualstudio.com/items?itemName=HippoCampSoftwareLtd.CodeLineage," - Easy access to a cumulative diff view between file revisions (supports svn, git, mercurial, perforce)."
dotnet,visual-studio-plugins,https://marketplace.visualstudio.com/items?itemName=CodeValueLtd.OzCode," - OzCode is a Visual Studio Extension which cuts down on debugging time and increases productivity by detecting and isolating bugs, making them easy to fix. "
dotnet,visual-studio-plugins,https://github.com/JosefPihrt/Roslynator," - A collection of 500+ analyzers, refactorings and fixes for C#, powered by Roslyn"
dotnet,web-browsers,https://github.com/cefsharp/CefSharp/," - HTML5, CSS3 and JS web browser powered by Chromium, for WinForms and WPF"
dotnet,web-frameworks,https://www.asp.net/, - ASP.NET is a free web framework for building great web sites and applications
dotnet,web-frameworks,https://coalesce.intellitect.com/, - Coalesce is a framework for rapid-development of ASP.NET Core web applications.
dotnet,web-frameworks,https://github.com/DarthFubuMVC/fubumvc, - A front-controller style MVC framework for .NET
dotnet,web-frameworks,https://github.com/NancyFx/Nancy," - Lightweight, low-ceremony, framework for building HTTP-based services on .NET and Mono"
dotnet,web-frameworks,https://github.com/tjanczuk/iisnode, - Host Node.js applications in IIS
dotnet,web-frameworks,https://suave.io/, - Framework/library/web server that makes you cry tears of joy after finishing your project ahead-of-time when you look at the beautiful code you've written in F#.
dotnet,web-frameworks,https://github.com/riganti/dotvvm," - MVVM framework for people who don't like to write JavaScript, with OWIN and ASP.NET Core support and a free extension for Visual Studio 2015 and 2017."
dotnet,web-frameworks,https://github.com/giraffe-fsharp/Giraffe, - Functional (F#) ASP.NET Core micro framework for building rich web applications
dotnet,web-servers,https://github.com/aspnet/KestrelHttpServer, -  A web server for ASP.NET Core based on libuv
dotnet,web-servers,https://github.com/unosquare/embedio, - Web server built on Mono and cross-platform
dotnet,web-servers,https://github.com/mono/xsp," - Mono's ASP.NET hosting server. This module includes an Apache Module, a FastCGI module that can be hooked to other web servers as well as a standalone server used for testing (similar to Microsoft's Cassini)"
dotnet,websocket,https://github.com/statianzo/Fleck, - Fleck is a WebSocket server implementation in C#. Branched from the Nugget project
dotnet,websocket,https://github.com/SignalR/SignalR, - Library for ASP.NET developers that makes it incredibly simple to add real-time web functionality to your applications
dotnet,websocket,https://github.com/kerryjiang/SuperSocket, - SuperSocket is a light weight extensible socket application framework
dotnet,websocket,https://github.com/sta/websocket-sharp, - A C# implementation of the WebSocket protocol client and server
dotnet,websocket,https://archive.codeplex.com/?p=websocket4net," - WebSocket client for .NET 2.0+, Xamarin, Mono, Silverlight, Windows Phone, & WinRT"
dotnet,websocket,https://crosser.io/, - Provides a great set of tools for you to build real-time applications on the Microsoft.NET plattform and much more. 
dotnet,websocket,https://github.com/Code-Sharp/WampSharp, - A C# implementation of 
dotnet,websocket,https://github.com/StackExchange/NetGain, - A high performance WebSocket server library powering Stack Overflow.
dotnet,websocket,https://github.com/NVentimiglia/Websockets.PCL," - WebSockets.PCL is a portable class library, profile 259, C# WebSocket implementation."
dotnet,windows-services,https://github.com/Topshelf/Topshelf, - An easy service hosting framework for building Windows services using .NET
dotnet,wpf,https://github.com/tom-englert/DataGridExtensions," - Modular extensions for the WPF DataGrid control, like filtering, additional column events, extended star-size column behavior, and more..."
dotnet,wpf,https://github.com/xceedsoftware/wpftoolkit," - A rich collection of controls, components and utilities for creating WPF applications"
