IoT,iot,https://tessel.io/,
IoT,iot,http://www.arduino.cc/,
IoT,iot,http://beagleboard.org/bone,
IoT,iot,http://www.developers.meethue.com/,
IoT,iot,https://www.raspberrypi.org/,
IoT,iot,https://www.kickstarter.com/projects/1598272670/chip-the-worlds-first-9-computer,
IoT,iot,https://www.kickstarter.com/projects/onion/onion-omega-invention-platform-for-the-internet-of/video_share,
IoT,iot,http://www.intel.com/content/www/us/en/do-it-yourself/galileo-maker-quark-board.html,
IoT,iot,https://www.particle.io/,
IoT,miscellaneous,https://www.mozilla.org/en-US/firefox/os/,
IoT,miscellaneous,https://www.leapmotion.com/,
